Name,Wikidata QID,Gender,Type,Genre,Country,Songs
070 Shake,Q54861040,female,solo,hip-hop; cloud rap; alternative hip-hop,United States,Escapism (2023#48)
2 Chainz,Q129668,male,solo,Southern hip-hop; trap music; gangsta rap; dirty south; Atlanta hip-hop; hardcore hip-hop,United States,Big Bank (2018#63)
21 Savage,Q25095399,male,solo,hip-hop; trap music,United Kingdom,A Lot (2019#42)|Bank Account (2017#48)|Bartier Cardi (2018#61)|Creepin' (2023#5)|Good Good (2024#79)|Jimmy Cooks (2022#33)|Knife Talk (2021#86/2022#60)|Peaches & Eggplants (2023#94)|Redrum (2024#42)|Rich Flex (2023#14)|Rockstar (2017#56/2018#5)|Spin Bout U (2023#43)
24kGoldn,Q83751918,male,solo,pop rap,United States,Mood (2020#47/2021#4)
42 Dugg,Q95694810,male,solo,Michigan rap; Midwest hip-hop; trap music; gangsta rap,United States,We Paid (2020#57)
4batz,Q124313062,male,solo,contemporary R&B,United States,Act II: Date @ 8 (2024#80)
5 Seconds of Summer,Q4641147,,group,pop rock; pop-punk,Australia,Youngblood (2018#36/2019#33)
50 Cent,Q6060,male,solo,East Coast hip-hop; gangsta rap; hardcore hip-hop,United States,The Woo (2020#78)
6ix9ine,Q44479972,male,solo,hip-hop; East Coast hip-hop; gangsta rap; trap metal; hardcore hip-hop; SoundCloud rap; punk rap; drill; trap music; urbano music; reggaeton; Brooklyn drill,United States,FEFE (2018#31)|Gummo (2018#56)|Swervin (2019#82)
6LACK,Q27886640,male,solo,alternative R&B; contemporary R&B; trap music; cloud rap; industrial music; soul; hip-hop soul,United States,Calling My Phone (2021#33)
A Boogie wit da Hoodie,Q27927826,male,solo,hip-hop; trap music,United States,Drowning (2017#81)|Look Back At It (2019#41)|Swervin (2019#82)
A$AP Ferg,Q15648254,male,solo,East Coast hip-hop; trap music,United States,Plain Jane (2018#74)
A$AP Rocky,Q129910,male,solo,East Coast hip-hop; psychedelic rap; experimental hip-hop; alternative hip-hop; cloud rap; trap music,United States,No Limit (2018#30)
Adassa,Q576181,female,solo,reggaeton; urban contemporary; pop music,United States,We Don't Talk About Bruno (2022#24)
Adele,Q23215,female,solo,pop music; blue-eyed soul; rhythm and blues; soul; jazz; rock music,United Kingdom,Easy On Me (2022#4)|Hello (2016#7)|Oh My God (2022#72)|Send My Love (To Your New Lover) (2016#26)|Water Under The Bridge (2017#88)|When We Were Young (2016#83)
AJR,Q16154058,,group,indie pop; alternative pop; electropop,United States,Bang! (2021#56)
Alessia Cara,Q20090091,female,solo,contemporary R&B; indie pop; pop music; soul; alternative R&B,Italy,1-800-273-8255 (2017#31/2018#84)|Here (2016#39)|Scars To Your Beautiful (2017#30)|Stay (2017#17)
Alex Warren,Q121842162,male,solo,pop music,United States,Ordinary (2025#7)
Aminé,Q27830860,male,solo,West Coast hip-hop; alternative hip-hop; trap music; contemporary R&B,United States,Caroline (2017#60)
Anderson .Paak,Q20810369,male,solo,contemporary R&B; hip-hop; soul; funk; pop music,United States,Leave The Door Open (2021#7)|Smokin Out The Window (2022#41)
Andrew Choi,Q15229870,male,solo,K-pop; pop music; contemporary R&B,South Korea,Free (2025#92)|Soda Pop (2025#61)|Your Idol (2025#54)
Anne-Marie,Q25396976,female,solo,pop music; contemporary R&B,United Kingdom,Friends (2018#26)|Rockabye (2017#44)
Aqua,Q213388,,group,pop music; bubblegum music; Eurodance,Denmark,Barbie World (2023#46)
Ariana Grande,Q151892,female,solo,pop music; contemporary R&B; electronic dance music,United States,"34+35 (2021#21)|7 Rings (2019#7)|Boyfriend (2019#98)|Break Up With Your Girlfriend, I'm Bored (2019#36)|Breathin (2019#72)|Dangerous Woman (2016#36)|Die For You (2023#7)|God Is A Woman (2018#62)|Into You (2016#51)|No Tears Left To Cry (2018#20)|Positions (2021#14)|pov (2021#87)|Rain On Me (2020#48)|Save Your Tears (2021#2/2022#40)|Side To Side (2016#77/2017#43)|Stuck With U (2020#80)|Thank U, Next (2019#12)|We Can't Be Friends (Wait For Your Love) (2024#26)|Yes, And? (2024#92)"
Arizona Zervas,Q75124792,male,solo,hip-hop; contemporary R&B; pop music,United States,Roxanne (2020#16)
Artemas,Q125176874,male,solo,alternative pop,United Kingdom,I Like The Way You Kiss Me (2024#63)
ATR Son Son,Q140814072,male,solo,hip-hop,United States,Rags2Riches (2020#90)
Audrey Nuna,Q105538243,female,solo,K-pop; pop music; hip-hop; contemporary R&B; trap music,United States,Golden (2025#25)|How It's Done (2025#68)|Takedown (2025#93)|What It Sounds Like (2025#83)
Ava Max,Q56755505,female,solo,dance-pop,United States,Kings & Queens (2021#73)|Sweet But Psycho (2019#23)
Avery Anna,Q131401753,female,solo,pop rock; country music,United States,Indigo (2025#49)
Ayo,Q55860029,male,solo,hip-hop,United States,Rolex (2017#61)
AzChike,Q131417489,male,solo,hip-hop,United States,Peekaboo (2025#53)
Bad Bunny,Q44333953,male,solo,Latin trap; reggaeton,Puerto Rico,Baile Inolvidable (2025#70)|Dakiti (2021#28)|Despues de La Playa (2022#78)|DTMF (2025#51)|Efecto (2022#69)|EOO (2025#77)|I Like It (2018#7/2019#69)|Me Porto Bonito (2022#20)|MIA (2019#44)|Monaco (2024#82)|Moscow Mule (2022#44)|Nuevayol (2025#89)|Ojitos Lindos (2022#87)|Party (2022#77)|Te Bote (2018#81)|Titi Me Pregunto (2022#22)|Un x100to (2023#49)|Where She Goes (2023#72)|Yonaguni (2021#83)
Bailey Zimmerman,Q112581616,male,solo,country music,United States,All The Way (2025#33)|Backup Plan (2025#80)|Fall In Love (2022#54)|Religiously (2023#42)|Rock And A Hard Place (2022#70/2023#16)|Where It Ends (2024#87)
Bastille,Q689,,group,synth-pop,United Kingdom,Happier (2018#80/2019#6)
Bazzi,Q48720231,male,solo,pop music,United States,Beautiful (2019#95)|Mine (2018#21)
beabadoobee,Q66817366,female,solo,indie rock; space rock; alternative rock; slacker rock; indie pop; folk-pop; bedroom pop,Philippines,Death Bed (2020#43)
Bebe Rexha,Q16185856,female,solo,pop music; contemporary R&B,United States,"I'm Good (Blue) (2023#10)|Me, Myself & I (2016#19)|Meant To Be (2018#3)"
Becky G,Q1393997,female,solo,pop music; hip-hop; Latin music; Latin pop; reggaeton,United States,MAMIII (2022#59)
BENEE,Q61749159,female,solo,alternative pop; soul,New Zealand,Supalonely (2020#84)
benny blanco,Q818048,male,solo,pop music,United States,Eastside (2018#77/2019#17)|Lonely (2021#65)
Benson Boone,Q110008128,male,solo,pop music; pop rock,United States,Beautiful Things (2024#3/2025#6)|Mystical Magical (2025#47)|Slow It Down (2024#41)|Sorry I'm Here For Someone Else (2025#37)
Beyoncé,Q36153,female,solo,pop music; contemporary R&B; country music,United States,Break My Soul (2022#38)|Cuff It (2023#29)|Mi Gente (2017#50/2018#99)|Sorry (2016#71)|Texas Hold 'Em (2024#32)
Big Sean,Q367634,male,solo,hip-hop; Midwest hip-hop; Michigan rap; pop rap,United States,Big Bank (2018#63)|Bounce Back (2017#35)|Feels (2017#74)
BigXthaPlug,Q124750337,male,solo,rapping; hip-hop,United States,All The Way (2025#33)
Billie Eilish,Q29564107,female,solo,electropop; indie pop; alternative pop,United States,Bad Guy (2019#4/2020#46)|Birds Of A Feather (2024#15/2025#5)|Bury A Friend (2019#73)|Everything I Wanted (2020#18)|Happier Than Ever (2021#94)|Lunch (2024#48)|Therefore I Am (2021#25)|What Was I Made For? (2023#81/2024#46)|When The Party's Over (2019#67)|Wildflower (2024#89/2025#26)
Billy Ray Cyrus,Q231259,male,solo,country music; country pop; country rock; country blues,United States,Old Town Road (2019#1)
Bipolar Sunshine,Q16727521,male,solo,pop music,United Kingdom,Middle (2016#80)
Bizarrap,Q99937928,male,solo,Latin trap; reggaeton,Argentina,"Bzrp Music Sessions, Vol. 53 (2023#96)"
Black Eyed Peas,Q134541,,group,alternative hip-hop; pop rap; hip-hop; pop music; Latin hip-hop,United States,RITMO (Bad Boys For Life) (2020#50)
blackbear,Q22974007,male,solo,pop music; emo; contemporary R&B; hip-hop,United States,Do Re Mi (2017#98)|Hot Girl Bummer (2020#26)|My Ex's Best Friend (2021#23)
Blake Shelton,Q94831,male,solo,country music,United States,God's Country (2019#53)|Nobody But You (2020#52)|Pour Me A Drink (2024#76)
Blanco Brown,Q64736729,male,solo,country rap; trap music; hip-hop,United States,Just The Way (2021#88)|The Git Up (2019#56)
BlocBoy JB,Q49481016,male,solo,hip-hop; trap music,United States,Look Alive (2018#23)
Blueface,Q60463134,male,solo,hip-hop; trap music; West Coast hip-hop; gangsta rap,United States,Thotiana (2019#47)
Bobby Helms,Q888554,male,solo,country music,United States,Jingle Bell Rock (2022#86/2023#68/2024#68/2025#81)
Bomba Estéreo,Q887911,,group,cumbia,Colombia,Ojitos Lindos (2022#87)
Bradley Cooper,Q205707,male,solo,,United States,Shallow (2019#19)
Brandon Lake,Q100314823,male,solo,contemporary Christian music; Christian rock,United States,Hard Fought Hallelujah (2025#84)
Brenda Lee,Q230925,female,solo,rock and roll; country music; pop music; rockabilly,United States,Rockin' Around The Christmas Tree (2021#92/2022#80/2023#60/2024#59/2025#67)
Brendon Urie,Q1047474,male,solo,pop rock; alternative rock,United States,ME! (2019#43)
Brett Young,Q25189679,male,solo,country music,United States,In Case You Didn't Know (2017#57)|Mercy (2018#95)
BRS Kash,Q105409004,male,solo,hip-hop,United States,Throat Baby (Go Baby) (2021#97)
Bruno Mars,Q1450,male,solo,pop music; contemporary R&B; hip-hop; new wave; reggae; funk,United States,24K Magic (2017#16)|APT. (2025#9)|Die With A Smile (2024#62/2025#1)|Finesse (2018#14)|Leave The Door Open (2021#7)|Please Me (2019#37)|Smokin Out The Window (2022#41)|That's What I Like (2017#3)|Wake Up In The Sky (2019#51)
Bryson Tiller,Q21066641,male,solo,contemporary R&B; hip-hop; trap music; soul,United States,Don't (2016#35)|Exchange (2016#53)|Whatever She Wants (2024#58)|Wild Thoughts (2017#18)
BTS,Q13580495,,group,K-pop; dance-pop; Korean hip-hop,South Korea,Butter (2021#11)|Dynamite (2020#38/2021#41)
Burl Ives,Q315723,male,solo,folk music,United States,A Holly Jolly Christmas (2022#89/2023#71/2024#94)
Calboy,Q66085272,male,solo,hip-hop,United States,Envy Me (2019#59)
Calvin Harris,Q81637,male,solo,electronic dance music; electronic pop; acid house,United Kingdom,Feels (2017#74)|One Kiss (2018#68)|Slide (2017#71)|This Is What You Came For (2016#17)
Camila Cabello,Q18810940,female,solo,pop music; contemporary R&B; Latin pop; Gothic pop,Cuba,Bad Things (2017#41)|Bam Bam (2022#66)|Beautiful (2019#95)|Havana (2017#96/2018#4)|I Know What You Did Last Summer (2016#86)|My Oh My (2020#37)|Never Be The Same (2018#18)|Senorita (2019#15/2020#44)
Cardi B,Q29033668,female,solo,hip-hop; pop music; pop rap,United States,Bartier Cardi (2018#61)|Be Careful (2018#59)|Bodak Yellow (Money Moves) (2017#24/2018#54)|Clout (2019#87)|Finesse (2018#14)|Girls Like You (2018#10/2019#22)|I Like It (2018#7/2019#69)|Money (2019#38)|MotorSport (2018#34)|No Limit (2018#30)|Please Me (2019#37)|Put It On Da Floor Again (2023#98)|Taki Taki (2019#57)|Tomorrow 2 (2023#70)|Up (2021#26)|WAP (2020#24)
Carly Pearce,Q29913337,female,solo,country music,United States,I Hope You're Happy Now (2020#73)
Carolina Gaitán,Q5753201,female,solo,,Colombia,We Don't Talk About Bruno (2022#24)
Carrie Underwood,Q215546,female,solo,pop music; country music; country pop; country rock,United States,I'm Gonna Love You (2025#78)|If I Didn't Love You (2021#85)|The Fighter (2017#100)
Cash Cobain,Q125989634,male,solo,hip-hop; drill; Jersey drill; pop rap; East Coast hip-hop; trap music,United States,Somebody Loves Me (2025#85)
Casper Mágico,Q60333702,male,solo,Latin trap; reggaeton,United States,Te Bote (2018#81)
Chance the Rapper,Q12470060,male,solo,hip-hop; alternative hip-hop; contemporary R&B; conscious hip-hop; alternative R&B; gospel music,United States,Holy (2021#35)|I'm The One (2017#12)|No Brainer (2018#73)
Chappell Roan,Q110281146,female,solo,synth-pop; pop music; electronic music,United States,"Good Luck, Babe! (2024#18/2025#31)|Hot To Go! (2024#53)|Pink Pony Club (2025#10)"
Charlie Puth,Q19810390,male,solo,pop music; contemporary R&B,United States,Attention (2017#22)|How Long (2018#65)|I Hope (2020#12/2021#40)|One Call Away (2016#43)|See You Again (2016#99)|We Don't Talk Anymore (2016#50)
Chase Rice,Q5087189,male,solo,country music,United States,Drinkin' Beer. Talkin' God. Amen. (2021#99)|Eyes On You (2019#96)
Cheat Codes,Q23978754,,group,electronic music; electronic dance music; tropical house; dancehall,United States,No Promises (2017#91)
Chencho Corleone,Q113625582,male,solo,reggaeton,United States,Me Porto Bonito (2022#20)
Childish Gambino,Q1239933,male,solo,hip-hop; funk; contemporary R&B; soul; psychedelic music; indie pop; comedy hip-hop,United States,Redbone (2017#25)|This Is America (2018#51)
Chris Brown,Q155700,male,solo,contemporary R&B; pop music; hip-hop,United States,Back To Sleep (2016#89)|Freaky Friday (2018#55)|Go Crazy (2020#39/2021#19)|No Guidance (2019#21/2020#36)|Residuals (2025#63)|Superhero (Heroes & Villains) (2023#38)|Under The Influence (2023#17)
Chris Stapleton,Q5108148,male,solo,country music,United States,Say Something (2018#85)|Starting Over (2021#53)|White Horse (2024#77)|You Should Probably Leave (2022#79)
Chris Young,Q952176,male,solo,country music,United States,Famous Friends (2021#69)
City Girls,Q60658858,,group,hip-hop,United States,Act Up (2019#68)
CJ,Q103868817,male,solo,drill; trap music; East Coast hip-hop; hip-hop,United States,Whoopty (2021#50)
CKay,Q98312451,male,solo,Afrobeats,Nigeria,Love Nwantiti (Ah Ah Ah) (2022#55)
Clean Bandit,Q11838808,,group,electropop,United Kingdom,Rockabye (2017#44)
Cody Johnson,Q17916913,male,solo,country music; country rock,United States,'Til You Can't (2022#34)|I'm Gonna Love You (2025#78)|The Painter (2024#98)
Coi Leray,Q106376206,female,solo,hip-hop; pop music,United States,No More Parties (2021#79)|Players (2023#33)
Coldplay,Q45188,,group,alternative rock; pop music,United Kingdom,Adventure Of A Lifetime (2016#95)|Hymn For The Weekend (2016#73)|Something Just Like This (2017#5)
Cole Swindell,Q15101510,male,solo,country music,United States,Never Say Never (2022#92)|She Had Me At Heads Carolina (2022#46)|Single Saturday Night (2021#95)
Corey Kent,Q113452679,male,solo,country music,United States,Wild As Her (2023#93)
Cris MJ,Q111425015,male,solo,reggaeton,Chile,Gata Only (2024#52)
D.R.A.M.,Q25138504,male,solo,Southern hip-hop; contemporary R&B; trap music,United States,Broccoli (2016#34/2017#70)
DaBaby,Q62107457,male,solo,hip-hop; trap music; pop rap; Southern hip-hop,United States,Baby (2019#84)|Beat Box (2021#44)|BOP (2020#29)|Cash Shit (2019#90)|Cry Baby (2021#77)|For The Night (2020#49/2021#32)|My Oh My (2020#37)|Rockstar (2020#5)|Suge (2019#24)|Whats Poppin (2020#13)
Daddy Yankee,Q272591,male,solo,reggaeton; Latin hip-hop,United States,Con Calma (2019#65)|Despacito (2017#2)|Dura (2018#93)
Daft Punk,Q185828,,group,house music; electronic music; French house; synth-pop; electronic rock; electronica; nu-disco; dance music; leftfield house,France,I Feel It Coming (2017#34)|Starboy (2016#58/2017#20)
Dan Smyers,Q57630595,male,solo,country music,United States,"10,000 Hours (2020#23)|All To Myself (2019#97)|Glad You Exist (2021#64)|Speechless (2019#35)|Tequila (2018#32/2019#91)"
Daniel Caesar,Q29589083,male,solo,contemporary R&B; soul; neo soul,Canada,Peaches (2021#10)
Danny Chung,Q140814119,male,solo,hip-hop; K-pop,United States,Soda Pop (2025#61)|Your Idol (2025#54)
Darell,Q56467651,male,solo,reggaeton; Latin trap,United States,Te Bote (2018#81)
Dasha,Q125157260,female,solo,country pop,United States,Austin (2024#27)
David Guetta,Q8298,male,solo,electronic dance music; house music; electroclash; electro house,France,I'm Good (Blue) (2023#10)
David Kushner,Q117745879,male,solo,,United States,Daylight (2023#62)
Daya,Q21005558,female,solo,pop music,United States,"Don't Let Me Down (2016#8)|Hide Away (2016#84)|Sit Still, Look Pretty (2016#78)"
dazy,Q140814120,male,solo,pop music,,Sunroof (2022#29)
Dean Lewis,Q29905254,male,solo,pop music,Australia,Be Alright (2019#54)
Demi Lovato,Q41173,genderfluid,solo,pop rock; pop music; contemporary R&B; power pop; dance-pop; teen pop; electropop; soul; pop-punk; nu metal,United States,No Promises (2017#91)|Sorry Not Sorry (2017#47/2018#64)
Desiigner,Q23091498,male,solo,hip-hop; East Coast hip-hop; trap music; mumble rap; hardcore hip-hop,United States,Panda (2016#6)|Tiimmy Turner (2016#98)
Diane Guerrero,Q17166318,female,solo,,United States,We Don't Talk About Bruno (2022#24)
Diplo,Q533781,male,solo,electronic dance music; trap music; hip-hop; pop music; moombahton; electropop; house music; EDM trap music,United States,Close To Me (2019#58)
DJ Khaled,Q80805,male,solo,hip-hop; pop rap,United States,Every Chance I Get (2021#59)|For Free (2016#59)|I'm The One (2017#12)|No Brainer (2018#73)|Popstar (2020#66)|Wild Thoughts (2017#18)
DJ Snake,Q16728588,male,solo,electronic dance music; EDM trap music,France,Lean On (2016#85)|Let Me Love You (2016#47/2017#46)|Middle (2016#80)|Taki Taki (2019#57)
Djo,Q27064031,male,solo,synth-pop,United States,End Of Beginning (2024#47)
DNCE,Q21648421,,group,pop rock,United States,Cake By The Ocean (2016#18)
Doechii,Q106629186,female,solo,hip-hop; contemporary R&B; pop music; alternative hip-hop; pop rap,United States,Anxiety (2025#39)|Denial Is A River (2025#75)|What It Is (Block Boy) (2023#76)
Doja Cat,Q51120673,female,solo,contemporary R&B; pop music; electronic music; indie pop; hip-hop,United States,34+35 (2021#21)|Agora Hills (2024#17)|Best Friend (2021#29)|Get Into It (Yuh) (2022#68)|I Like You (A Happier Song) (2022#26/2023#75)|Juicy (2020#87)|Kiss Me More (2021#6/2022#90)|Need To Know (2021#46/2022#18)|Paint The Town Red (2023#52/2024#21)|Say So (2020#11)|Streets (2021#67)|Vegas (2022#47)|Woman (2022#21)|You Right (2021#43/2022#45)
Don Toliver,Q56513383,male,solo,hip-hop; trap music; contemporary R&B,United States,Lemonade (2021#51)|No Pole (2025#97)
Dove Cameron,Q13560423,female,solo,pop music; alternative pop; soul,United States,Boyfriend (2022#51)
Drake,Q33240,male,solo,hip-hop; contemporary R&B; pop music; trap music,Canada,Act II: Date @ 8 (2024#80)|Both (2017#83)|Controlla (2016#41)|Fake Love (2017#37)|First Person Shooter (2024#61)|For Free (2016#59)|God's Plan (2018#1)|Going Bad (2019#18)|Hotline Bling (2016#24)|I'm Upset (2018#86)|IDGAF (2024#83)|In My Feelings (2018#9)|Jimmy Cooks (2022#33)|Jumpman (2016#37)|Knife Talk (2021#86/2022#60)|Laugh Now Cry Later (2020#41/2021#45)|Life Is Good (2020#7)|Look Alive (2018#23)|Meltdown (2023#97)|MIA (2019#44)|Money In The Grave (2019#34)|Nice For What (2018#11)|No Guidance (2019#21/2020#36)|Nokia (2025#24)|Nonstop (2018#52)|One Dance (2016#3)|Passionfruit (2017#65)|Pop Style (2016#82)|Popstar (2020#66)|Rich Baby Daddy (2024#45)|Rich Flex (2023#14)|Search & Rescue (2023#45)|Somebody Loves Me (2025#85)|Spin Bout U (2023#43)|Too Good (2016#29)|Toosie Slide (2020#32)|Wait For U (2022#11/2023#83)|Walk It Talk It (2018#43)|Wants And Needs (2021#47)|Way 2 Sexy (2021#48)|What's Next (2021#68)|Work (2016#4)|Yes Indeed (2018#25)|You're Mines Still (2021#58)
Dua Lipa,Q21914464,female,solo,pop music; post-disco; house music; funktronica; indie pop; dream pop; synth-pop,United Kingdom,Break My Heart (2020#33)|Cold Heart (PNAU Remix) (2022#10)|Dance The Night (2023#35/2024#100)|Don't Start Now (2020#4)|Houdini (2024#43)|IDGAF (2018#98)|Levitating (2021#1/2022#42)|New Rules (2018#16)|One Kiss (2018#68)|Sweetest Pie (2022#62)|We're Good (2021#90)
Duncan Laurence,Q60758679,male,solo,pop music,Kingdom of the Netherlands,Arcade (2021#82)
Dustin Lynch,Q5317118,male,solo,country music,United States,Small Town Boy (2017#94)
Ed Sheeran,Q47447,male,solo,pop music; folk music; hip-hop; dance music; soul; rock music,United Kingdom,Bad Habits (2021#15/2022#13)|Bam Bam (2022#66)|Beautiful People (2019#50)|Castle On The Hill (2017#40)|Eyes Closed (2023#64)|I Don't Care (2019#16)|Perfect (2018#2)|Shape Of You (2017#1/2018#71)|Shivers (2022#5)
EJAE,Q135108208,female,solo,K-pop; pop music; contemporary R&B,South Korea,Free (2025#92)|Golden (2025#25)|How It's Done (2025#68)|Takedown (2025#93)|What It Sounds Like (2025#83)
Ella Langley,Q127559972,female,solo,country music,United States,Weren't For The Wind (2025#71)
Ella Mai,Q29033458,female,solo,contemporary R&B,United Kingdom,Boo'd Up (2018#15)|Trip (2018#92/2019#80)
Elle King,Q5364665,female,solo,country music; Americana; blues rock; alternative country,United States,Ex's & Oh's (2016#63)
Ellie Goulding,Q31164,female,solo,synth-pop; electropop; indie pop; folktronica; alternative rock; alternative music; dream pop; indietronica,United Kingdom,Close To Me (2019#58)|On My Mind (2016#81)
Elton John,Q2808,male,solo,rock music; pop rock; glam rock; soft rock; rhythm and blues,United Kingdom,Cold Heart (PNAU Remix) (2022#10)
Em Beihold,Q111333139,female,solo,pop music,United States,Numb Little Bug (2022#32)
Emilee,Q98635221,female,solo,pop music,United States,ily (2020#95)
Eminem,Q5608,male,solo,hip-hop; horrorcore; hardcore hip-hop; comedy hip-hop; Midwest hip-hop; rap rock,United States,Godzilla (2020#62)|Houdini (2024#39)
Encanto Cast,Q140814124,,,,United States,We Don't Talk About Bruno (2022#24)
Eric Church,Q975911,male,solo,country music,United States,Does To Me (2020#93)|Hell Of A View (2021#91)
ERNEST,Q110442717,male,solo,country music,United States,Cowgirls (2024#29)|Flower Shops (2022#96)
Eslabón Armado,Q112702265,,group,regional Mexican,United States,Ella Baila Sola (2023#26)
Fat Joe,Q309888,male,solo,East Coast hip-hop; gangsta rap; hardcore hip-hop; boom bap; mafioso rap,United States,All The Way Up (2016#87)
Fetty Wap,Q19361511,male,solo,hip-hop; trap music; pop rap,United States,679 (2016#54)|All In My Head (Flex) (2016#93)
Fifth Harmony,Q3087893,,group,pop music,United States,All In My Head (Flex) (2016#93)|Work From Home (2016#16)
Fifty Fifty,Q116731010,,group,K-pop; J-pop,South Korea,Cupid (2023#44)
Flipp Dinero,Q57584556,male,solo,hip-hop,United States,Leave Me Alone (2019#71)
Flo Milli,Q89352069,female,solo,hip-hop,United States,Never Lose Me (2024#49)
Flo Rida,Q213538,male,solo,hip-hop; pop music; dance music; electronic dance music; Southern hip-hop; contemporary R&B; house music; electro hop; electro house; electropop; electro; EDM trap music; trap music; bass music; crunk; pop rap; dirty south; dance-pop; hip house; Miami bass; electronic music; techno; trance,United States,My House (2016#14)
Florida Georgia Line,Q3644642,,group,country music,United States,Drinkin' Beer. Talkin' God. Amen. (2021#99)|H.O.L.Y. (2016#49)|Lil Bit (2021#70)|Meant To Be (2018#3)|Simple (2018#82)|Talk You Out Of It (2019#94)
FloyyMenor,Q125819969,male,solo,reggaeton,Chile,Gata Only (2024#52)
Flume,Q4038837,male,solo,electronica; trip hop; future bass,Australia,Never Be Like You (2016#60)
Frank Ocean,Q357645,male,solo,alternative R&B; psychedelic soul; progressive soul; contemporary R&B; pop music; soul; hip-hop; avant-pop,United States,Slide (2017#71)
French Montana,Q1455261,male,solo,East Coast hip-hop; gangsta rap; hardcore hip-hop,Morocco,All The Way Up (2016#87)|Unforgettable (2017#15)
Fuerza Regida,Q118466501,,group,regional Mexican; banda music; corrido; corridos tumbados; sierreña; norteño,United States,Bebe Dame (2023#73)|Tu Boda (2025#87)
Future,Q3445057,male,solo,Southern hip-hop; trap music; mumble rap; contemporary R&B,United States,Cold (2017#69)|Jumpman (2016#37)|King's Dead (2018#79)|Life Is Good (2020#7)|Like That (2024#14)|Low Life (2016#30)|Mask Off (2017#14)|Puffin On Zootiez (2022#84)|Pushin P (2022#48)|Superhero (Heroes & Villains) (2023#38)|Type Shit (2024#51)|Wait For U (2022#11/2023#83)|Way 2 Sexy (2021#48)|Wicked (2016#97)
G-Eazy,Q5511893,male,solo,hip-hop,United States,"Him & I (2018#45)|Me, Myself & I (2016#19)|No Limit (2018#30)"
Gabby Barrett,Q53912835,female,solo,country pop,United States,I Hope (2020#12/2021#40)|The Good Ones (2021#62)
GAYLE,Q109768702,female,solo,pop-punk; pop rock; power pop; emo pop; alternative pop; alternative rock,United States,abcdefu (2022#17)
Gigi Perez,Q130235359,female,solo,indie folk,United States,Sailor Song (2025#36)
Giveon,Q96418479,male,solo,contemporary R&B,United States,Heartbreak Anniversary (2021#31)|Peaches (2021#10)
Glass Animals,Q16839267,,group,indie rock; psychedelic pop; indietronica; alternative pop; electronic rock; psychedelic rock,United Kingdom,Heat Waves (2021#16/2022#1)
GloRilla,Q114132368,female,solo,hip-hop; trap music; crunk; Memphis rap; Southern hip-hop,United States,Sticky (2025#41)|Tomorrow 2 (2023#70)|Wanna Be (2024#40)|Whatchu Kno About Me (2025#48)|Yeah Glo! (2024#44)
gnash,Q23978226,male,solo,pop music; hip-hop; alternative R&B; indie folk,United States,I Hate U I Love U (2016#38)|Lights Down Low (2018#66)
Gracie Abrams,Q106301562,female,solo,bedroom pop; pop music,United States,That's So True (2025#14)
Grey,Q28451953,,group,electronic music; pop music; future bass,United States,Starving (2016#94/2017#82)|The Middle (2018#8)
Grupo Frontera,Q118141487,,group,regional Mexican; norteño; cumbia norteña mexicana,United States,Bebe Dame (2023#73)|Un x100to (2023#49)
Gucci Mane,Q206032,male,solo,Southern hip-hop; trap music; gangsta rap; hardcore hip-hop; dirty south; Atlanta hip-hop; dirty rap,United States,Black Beatles (2017#19)|Both (2017#83)|I Get The Bag (2017#93/2018#72)|Slippery (2017#86)|Wake Up In The Sky (2019#51)
Gunna,Q55613105,male,solo,hip-hop; trap music; Southern hip-hop; contemporary R&B,United States,Drip Too Hard (2019#26)|Fukumean (2023#31/2024#85)|Hot (2020#72)|Lemonade (2021#51)|Pushin P (2022#48)|What Happened To Virgil (2022#83)
Gus Dapperton,Q51858412,male,solo,pop music,United States,Supalonely (2020#84)
Gwen Stefani,Q483379,female,solo,pop music; contemporary R&B; ska; electronica; new wave; rock music,United States,Nobody But You (2020#52)
H.E.R.,Q30639849,female,solo,contemporary R&B,United States,Slide (2020#99)
Hailee Steinfeld,Q231726,female,solo,pop music; dance-pop,United States,Starving (2016#94/2017#82)
Halsey,Q18534249,female,solo,pop music; electropop; synth-pop; art pop; alternative pop; alternative rock; alternative R&B; indie pop; contemporary R&B,United States,Bad At Love (2018#27)|Closer (2016#10/2017#7)|Eastside (2018#77/2019#17)|Him & I (2018#45)|Now Or Never (2017#59)|Without Me (2019#3)|You Should Be Sad (2020#82)
HARDY,Q63341424,male,solo,country music,United States,Truck Bed (2024#67)|Wait In The Truck (2023#54)
Harry Styles,Q3626966,male,solo,soft rock; pop music; rock music; Britpop; traditional folk music,United Kingdom,Adore You (2020#6)|As It Was (2022#2/2023#15)|Late Night Talking (2022#25)|Sign Of The Times (2017#87)|Watermelon Sugar (2020#20)
Hozier,Q16233232,male,solo,blues; blues rock; rhythm and blues; traditional folk music; soul; indie rock,Ireland,Too Sweet (2024#10/2025#34)
Hudson Westbrook,Q134125831,male,solo,country music,United States,House Again (2025#95)
iann dior,Q65631841,male,solo,emo rap; pop rap; rap rock; pop rock,United States,Mood (2020#47/2021#4)
Ice Spice,Q114114977,female,solo,Bronx drill; hip-hop; East Coast hip-hop; Jersey club; pop rap,United States,"Barbie World (2023#46)|Boy's A Liar, Pt. 2 (2023#20)|Karma (2023#27)|Princess Diana (2023#69)"
Imagine Dragons,Q391348,,group,pop rock; electropop; alternative rock; new wave,United States,Believer (2017#9/2018#100)|Enemy (2022#15)|Natural (2018#69)|Sucker For Pain (2016#68)|Thunder (2017#51/2018#22)|Whatever It Takes (2018#37)
Infared,Q140814135,male,solo,hip-hop,,All The Way Up (2016#87)
Internet Money,Q99691610,,,hip-hop,United States,Lemonade (2021#51)
J Balvin,Q966845,male,solo,reggaeton; Latin pop; Latin trap,Colombia,I Like It (2018#7/2019#69)|Mi Gente (2017#50/2018#99)|RITMO (Bad Boys For Life) (2020#50)|X (2018#90)
J. Cole,Q204018,male,solo,hip-hop; Southern hip-hop; pop rap; East Coast hip-hop; conscious hip-hop,United States,All My Life (2023#25)|First Person Shooter (2024#61)|Middle Child (2019#25)|The London (2019#64)
Jack Harlow,Q59727812,male,solo,hip-hop; pop rap,United States,First Class (2022#6)|Industry Baby (2021#24/2022#16)|Lovin On Me (2024#5)|Whats Poppin (2020#13)
Jake Scott,Q140814152,male,solo,pop music,United States,She Likes It (2022#91)
James Arthur,Q717626,male,solo,pop music,United Kingdom,Say You Won't Let Go (2017#11)
James Bay,Q17811637,male,solo,rock music; pop music; soul; Americana,United Kingdom,Let It Go (2016#44)
James Blake,Q350362,male,solo,pop music; electronica; post-dubstep; electronic dance music,United Kingdom,King's Dead (2018#79)
Jason Aldean,Q195439,male,solo,country music,United States,Got What I Got (2020#60)|If I Didn't Love You (2021#85)|Trouble With A Heartbreak (2022#88)|Try That In A Small Town (2023#66)|You Make It Easy (2018#70)
Jason Derulo,Q243639,male,solo,pop music; rhythm and blues; contemporary R&B; hip-hop,United States,Savage Love (Laxed - Siren Beat) (2020#35)|Swalla (2017#85)
Jawsh 685,Q96472235,male,solo,pop music,New Zealand,Savage Love (Laxed - Siren Beat) (2020#35)
Jay Rock,Q152632,male,solo,West Coast hip-hop,United States,King's Dead (2018#79)
Jay Z,Q62766,male,solo,East Coast hip-hop; mafioso rap; gangsta rap; hardcore hip-hop,United States,All The Way Up (2016#87)|Pop Style (2016#82)
Jelly Roll,Q6176881,male,solo,Southern hip-hop; country rap; country music; hardcore hip-hop,United States,Hard Fought Hallelujah (2025#84)|I Am Not Okay (2024#75/2025#79)|Liar (2025#86)|Need A Favor (2023#34/2024#64)|Save Me (2024#65)|Wild Ones (2024#36)
Jeremih,Q472891,male,solo,contemporary R&B,United States,Oui (2016#55)
Jessica Darrow,Q109718598,non-binary,solo,,United States,Surface Pressure (2022#53)
Jessie Murph,Q122157373,female,solo,country rock; country pop; pop music,United States,Blue Strips (2025#52)|High Road (2024#81/2025#55)|Wild Ones (2024#36)
Jhay Cortez,Q75997191,male,solo,Latin trap; reggaeton; Latin R&B,United States,Dakiti (2021#28)
Jhené Aiko,Q15929781,female,solo,hip-hop; pop music; rhythm and blues; soul; alternative R&B; neo soul; contemporary R&B,United States,P*$$y Fairy (OTW) (2020#94)
JID,Q29588830,male,solo,hip-hop,United States,Enemy (2022#15)
Jimin,Q20947093,male,solo,K-pop,South Korea,Who (2025#57)
JNR CHOI,Q111507858,male,solo,hip-hop; trap music; world music,United Kingdom,To The Moon! (2022#97)
John Legend,Q44857,male,solo,soul; pop music; contemporary R&B,United States,Like I'm Gonna Lose You (2016#42)
Joji,Q23826617,male,solo,contemporary R&B; alternative R&B; trip hop; lo-fi music; surreal humour; satirical music; satire; comedy hip-hop; black comedy; alternative rock; comedy music,Japan,Glimpse Of Us (2022#52)
Jon Bellion,Q18044284,male,solo,pop music; contemporary R&B; hip-hop; indie rock; pop rap; alternative hip-hop; indie pop; alternative rock; dance-pop; soul,United States,All Time Low (2017#75)
Jon Pardi,Q6271354,male,solo,country music,United States,Last Night Lonely (2022#95)
Jonas Brothers,Q134233,,group,pop music; pop rock,United States,Leave Before You Love Me (2021#63)|Only Human (2019#78/2020#77)|Sucker (2019#10)
Jordan Davis,Q44274417,male,solo,country pop; country music; pop music,United States,Buy Dirt (2022#49)|Next Thing You Know (2023#47)|What My World Spins Around (2023#91)
JP Saxe,Q86009464,male,solo,pop music,Canada,If The World Was Ending (2020#56)
Juice WRLD,Q52151598,male,solo,hip-hop; emo rap; alternative rock; trap music; pop rap; SoundCloud rap; contemporary R&B; alternative hip-hop; mumble rap,United States,Bandit (2020#63)|Come & Go (2020#54)|Godzilla (2020#62)|Lucid Dreams (2018#12/2019#48)|Robbery (2019#100)|Suicidal (2020#75)|Wishing Well (2020#92)
Juicy J,Q602779,male,solo,Southern hip-hop; gangsta rap; trap music; dirty rap; Memphis rap; dirty south; horrorcore; hardcore hip-hop; crunk,United States,Powerglide (2018#97)
Julia Michaels,Q20051697,female,solo,pop music; electronic dance music,United States,If The World Was Ending (2020#56)|Issues (2017#29)
Jung Kook,Q22338877,male,solo,K-pop,South Korea,Seven (2023#82)
Justin Bieber,Q34086,male,solo,pop music; contemporary R&B; tropical house; reggaeton; contemporary country,Canada,"10,000 Hours (2020#23)|Anyone (2021#74)|Cold Water (2016#25)|Daisies (2025#60)|Despacito (2017#2)|Essence (2021#60/2022#64)|Ghost (2022#8)|Holy (2021#35)|I Don't Care (2019#16)|I'm The One (2017#12)|Intentions (2020#17)|Let Me Love You (2016#47/2017#46)|Lonely (2021#65)|Love Yourself (2016#1)|No Brainer (2018#73)|Peaches (2021#10)|Sorry (2016#2)|Stay (2021#12/2022#3)|Stuck With U (2020#80)|What Do You Mean? (2016#31)|Yummy (2020#58)"
Justin Timberlake,Q43432,male,solo,pop music; contemporary R&B,United States,Can't Stop The Feeling! (2016#9/2017#49)|Say Something (2018#85)
JVKE,Q114865231,male,solo,pop music,United States,Golden Hour (2023#41)
Kacey Musgraves,Q2783855,female,solo,country music; folk music,United States,I Remember Everything (2023#74/2024#9)
Kai,Q6347342,female,solo,pop music,Canada,Never Be Like You (2016#60)
Kali Uchis,Q19004484,female,solo,contemporary R&B,United States,Telepatia (2021#49)
Kaliii,Q115633164,female,solo,hip-hop; trap music; Southern hip-hop,United States,Area Codes (2023#88)
Kane Brown,Q21620939,male,solo,country music,United States,Be Like That (2020#88)|Bury Me In Georgia (2023#89)|Famous Friends (2021#69)|Good As You (2019#86)|Heaven (2018#53)|Homesick (2020#89)|Like I Love Country Music (2022#85)|Miles On It (2024#34)|One Mississippi (2022#99)|One Thing Right (2019#89)|Thank God (2023#23)|What Ifs (2017#72)
Kanye West,Q15935,male,solo,hip-hop; pop music; electro; soul; gospel music; progressive rap; art pop; pop rap; hip-hop soul; chipmunk soul; contemporary R&B,United States,Carnival (2024#38)|Pop Style (2016#82)
Karol G,Q22001324,female,solo,reggaeton; Latin pop; Latin R&B,Colombia,MAMIII (2022#59)|Provenza (2022#63)|TQG (2023#65)
Kate Bush,Q636,female,solo,art pop; progressive pop; singer-songwriter music; baroque pop; experimental pop; art rock; pop rock,United Kingdom,Running Up That Hill (A Deal With God) (2022#23)
Katelyn Brown,Q140814175,female,solo,pop music,United States,Thank God (2023#23)
Katy Perry,Q42493,female,solo,pop music; rock music; pop rock; dance music; synth-pop; electropop; gospel music,United States,Chained To The Rhythm (2017#73)|Con Calma (2019#65)|Feels (2017#74)
Kehlani,Q20657541,non-binary,solo,contemporary R&B; pop music; neo soul; hip-hop,United States,Folded (2025#98)
Keith Urban,Q315547,male,solo,country music,Australia,One Too Many (2021#81)|The Fighter (2017#100)
Kendrick Lamar,Q130798,male,solo,West Coast hip-hop; progressive rap; alternative hip-hop; jazz rap; conscious hip-hop; gangsta rap; hardcore hip-hop; jazz; pop music,United States,30 For 30 (2025#21)|All The Stars (2018#47)|DNA. (2017#62)|Don't Wanna Know (2017#38)|Euphoria (2024#66)|Humble. (2017#4)|King's Dead (2018#79)|Like That (2024#14)|Love. (2018#50)|Loyalty. (2017#66)|Luther (2025#2)|Not Like Us (2024#6/2025#17)|Peekaboo (2025#53)|Pray For Me (2018#40)|Squabble Up (2025#20)|TV Off (2025#15)
Kenny Chesney,Q467526,male,solo,country music,United States,Get Along (2018#87)
Kent Jones,Q25190082,male,solo,pop rap; contemporary R&B; pop music,United States,Don't Mind (2016#48)
Kesha,Q33605,female,solo,electropop; dance-pop; synth-pop; pop rock; pop rap; rock music; dance music; country music,United States,Praying (2017#67)
Kevin Gates,Q6396353,male,solo,hip-hop; gangsta rap; hardcore hip-hop; dirty south; Southern hip-hop,United States,2 Phones (2016#57)|Really Really (2016#92)
Kevin Woo,Q6397789,male,solo,K-pop,United States,Soda Pop (2025#61)|Your Idol (2025#54)
Khalid,Q28816483,male,solo,contemporary R&B,United States,1-800-273-8255 (2017#31/2018#84)|Be Like That (2020#88)|Beautiful People (2019#50)|Better (2019#20)|Eastside (2018#77/2019#17)|Location (2017#21)|Love Lies (2018#19/2019#88)|Talk (2019#8)|Young Dumb & Broke (2017#78/2018#67)
Kid Cudi,Q299138,male,solo,Midwest hip-hop; contemporary R&B; alternative hip-hop; pop rap; alternative rock; trip hop; neo-psychedelia; punk rock; grunge; emo rap; psychedelic rap; psychedelic hip-hop,United States,The Scotts (2020#86)
Kiiara,Q23042767,female,solo,pop music; electropop; alternative R&B; experimental pop,United States,Gold (2016#52)
Kim Petras,Q60964,trans woman,solo,pop music,Germany,Unholy (2022#98/2023#11)
Kodak Black,Q22005867,male,solo,hip-hop; trap music; SoundCloud rap; gangsta rap; Southern hip-hop; mumble rap,United States,Drowning (2017#81)|Super Gremlin (2022#9)|Tunnel Vision (2017#55)|Wake Up In The Sky (2019#51)|What It Is (Block Boy) (2023#76)|ZEZE (2019#31)
Koe Wetzel,Q107434048,male,solo,country music; rock music,United States,High Road (2024#81/2025#55)
Kygo,Q16845512,male,solo,tropical house; deep house; downtempo; progressive house; house music; electronic dance music,Norway,It Ain't Me (2017#27)
Kyla,Q25190133,female,solo,UK funky,United Kingdom,One Dance (2016#3)
KYLE,Q28606665,male,solo,West Coast hip-hop; pop rap,United States,iSpy (2017#28)
Lady Gaga,Q19848,female,solo,electropop; dance-pop; electronic dance music; art pop; pop music; synth-pop,United States,Abracadabra (2025#56)|Bloody Mary (2023#99)|Die With A Smile (2024#62/2025#1)|Rain On Me (2020#48)|Shallow (2019#19)
Lainey Wilson,Q106378786,female,solo,country music; folk music,United States,Heart Like A Truck (2023#58)|Never Say Never (2022#92)|Save Me (2024#65)|Things A Man Oughta Know (2021#96)|Wait In The Truck (2023#54)|Watermelon Moonshine (2023#100)
Latto,Q65029930,female,solo,hip-hop; trap music; pop music; pop rap,United States,Big Energy (2022#7)|Put It On Da Floor Again (2023#98)|Seven (2023#82)
Lauren Alaina,Q271796,female,solo,country music; folk music,United States,What Ifs (2017#72)
Lauren Daigle,Q18685595,female,solo,contemporary Christian music,United States,You Say (2019#60)
Lauren Spencer-Smith,Q110630787,female,solo,pop music,Canada,Fingers Crossed (2022#75)
Lauv,Q30122224,male,solo,electronic music; pop music,United States,I Like Me Better (2018#35)
Lee Brice,Q1811729,male,solo,country music,United States,I Hope You're Happy Now (2020#73)|One Of Them Girls (2020#68)|Rumor (2019#81)
Lefty Gunplay,Q131374668,male,solo,hip-hop; West Coast hip-hop; gangsta rap,United States,TV Off (2025#15)
Leon Thomas,Q714375,male,solo,contemporary R&B; pop music; soul; hip-hop,United States,Mutt (2025#22)
Lewis Capaldi,Q42315001,male,solo,blue-eyed soul; pop music; pop rock; alternative rock; soft rock,United Kingdom,Before You Go (2020#21)|Someone You Loved (2019#27/2020#10)
Liam Payne,Q2756349,male,solo,pop music; contemporary R&B,United Kingdom,Strip That Down (2017#36)
Lil Baby,Q50527563,male,solo,hip-hop; trap music; Southern hip-hop,United States,Baby (2019#84)|Close Friends (2019#74)|Drip Too Hard (2019#26)|Emotionally Scarred (2020#74)|Every Chance I Get (2021#59)|For The Night (2020#49/2021#32)|In A Minute (2022#43)|On Me (2021#36)|Sum 2 Prove (2020#79)|The Bigger Picture (2020#76)|Wants And Needs (2021#47)|We Paid (2020#57)|Woah (2020#42)|Yes Indeed (2018#25)
Lil Dicky,Q16876006,male,solo,hip-hop; pop rap; comedy hip-hop,United States,Freaky Friday (2018#55)
Lil Durk,Q2899818,male,solo,Midwest hip-hop; trap music; drill; gangsta rap; hardcore hip-hop; Chicago hip-hop; Chicago drill,United States,All My Life (2023#25)|Back In Blood (2021#39)|Broadway Girls (2022#81)|Every Chance I Get (2021#59)|Laugh Now Cry Later (2020#41/2021#45)|No More Parties (2021#79)|What Happened To Virgil (2022#83)
Lil Mosey,Q55819454,male,solo,hip-hop; pop rap; trap music,United States,Blueberry Faygo (2020#27)
Lil Nas X,Q62591281,male,solo,hip-hop; pop rap; country rap; trap music; pop music; rock music; pop rock; country music; Southern hip-hop,United States,Industry Baby (2021#24/2022#16)|Montero (Call Me By Your Name) (2021#9)|Old Town Road (2019#1)|Panini (2019#40/2020#71)|Thats What I Want (2022#14)
Lil Pump,Q38002101,male,solo,hip-hop; trap music; SoundCloud rap; punk rap; Southern hip-hop,United States,Gucci Gang (2018#44)
Lil Tecca,Q65054660,male,solo,hip-hop; trap music,United States,Dark Thoughts (2025#96)|Ran$om (2019#28)
Lil Tjay,Q61670761,male,solo,hip-hop,United States,Calling My Phone (2021#33)|Mood Swings (2020#81)|Pop Out (2019#45)
Lil Uzi Vert,Q23771950,non-binary,solo,hip-hop; emo rap; trap music; SoundCloud rap; punk rap; psychedelic rap; rage; cloud rap; psychedelic hip-hop; East Coast hip-hop,United States,Bad And Boujee (2017#6)|Everybody (2024#71)|Just Wanna Rock (2023#28)|XO TOUR Llif3 (2017#13)
Lil Wayne,Q15615,male,solo,Southern hip-hop; bounce music; gangsta rap; trap music; pop rap; dirty south; hardcore hip-hop,United States,I'm The One (2017#12)|Sticky (2025#41)|Sucker For Pain (2016#68)|Whats Poppin (2020#13)
Lil Yachty,Q23772141,male,solo,hip-hop; trap music; pop rap; mumble rap; cloud rap; Southern hip-hop,United States,Broccoli (2016#34/2017#70)|iSpy (2017#28)
Lizzo,Q16232225,female,solo,hip-hop; soul; contemporary R&B; gospel music,United States,About Damn Time (2022#12)|Good As Hell (2020#31)|Truth Hurts (2019#13/2020#55)
Logic,Q6667429,male,solo,hip-hop; pop rap; conscious hip-hop; East Coast hip-hop,United States,1-800-273-8255 (2017#31/2018#84)|Sucker For Pain (2016#68)
Lola Young,Q115869427,female,solo,pop music; soul; contemporary R&B,United Kingdom,Like Him (2025#62)|Messy (2025#28)
Luis Fonsi,Q1387726,male,solo,pop music; Latin pop; ballad; reggaeton,United States,Despacito (2017#2)
Lukas Graham,Q300935,,group,soul; pop music; pop rock; funk,Denmark,7 Years (2016#12)
Luke Bryan,Q166197,male,solo,country music,United States,Buy Dirt (2022#49)|Knockin' Boots (2019#79)|One Margarita (2020#70)
Luke Combs,Q23884740,male,solo,country music,United States,"Ain't No Love In Oklahoma (2024#37)|Backup Plan (2025#80)|Beautiful Crazy (2019#46)|Beer Never Broke My Heart (2019#63)|Better Together (2021#57)|Does To Me (2020#93)|Doin' This (2022#71)|Even Though I'm Leaving (2020#85)|Fast Car (2023#8/2024#23)|Forever After All (2021#18)|Going, Going, Gone (2023#59)|Hurricane (2017#76)|Love You Anyway (2023#36)|Lovin' On You (2020#97)|One Number Away (2018#96)|The Kind Of Love We Make (2022#36)|Where The Wild Things Are (2024#70)"
Machine Gun Kelly,Q1354843,male,solo,hip-hop; pop rap; rap rock; pop-punk; alternative rock; alternative hip-hop,United States,Bad Things (2017#41)|My Ex's Best Friend (2021#23)
Maddie,Q54607228,female,solo,country music,United States,Die From A Broken Heart (2020#65)
Mae Muller,Q83696883,female,solo,pop music; rhythm and blues,United Kingdom,Better Days (2022#73)
Major Lazer,Q2604214,,group,dancehall; moombahton; reggae fusion; trap music; electronic dance music; hip-hop; electro house; rocksteady,United States,Cold Water (2016#25)|Lean On (2016#85)
Maren Morris,Q21622122,female,solo,country music; country pop; folk rock; folk music,United States,Chasing After You (2021#61)|Circles Around This Town (2022#100)|The Bones (2020#9)|The Middle (2018#8)
Mariah Carey,Q41076,female,solo,contemporary R&B; pop music; adult contemporary music; dance-pop; hip-hop,United States,All I Want For Christmas Is You (2020#67/2021#78/2022#65/2023#55/2024#54/2025#59)
Mariah the Scientist,Q84356665,female,solo,alternative R&B,United States,Burning Blue (2025#58)
Marian Hill,Q20858093,,group,electronic music,United States,Down (2017#90)
Maroon 5,Q182223,,group,alternative rock; funk rock; pop rock; pop music,United States,Beautiful Mistakes (2021#34)|Cold (2017#69)|Don't Wanna Know (2017#38)|Girls Like You (2018#10/2019#22)|Memories (2020#8)|Wait (2018#58)|What Lovers Do (2017#97/2018#89)
Marshmello,Q26334949,male,solo,electronic dance music,United States,Come & Go (2020#54)|Friends (2018#26)|Happier (2018#80/2019#6)|Leave Before You Love Me (2021#63)|Miles On It (2024#34)|One Thing Right (2019#89)|Wolves (2018#60)
Masked Wolf,Q105490126,male,solo,hip-hop,Australia,Astronaut In The Ocean (2021#20)
Mauro Castillo,Q16605580,male,solo,salsa,Colombia,We Don't Talk About Bruno (2022#24)
MAX,Q1190160,male,solo,pop music,United States,Lights Down Low (2018#66)
Meek Mill,Q1897911,male,solo,East Coast hip-hop; hardcore hip-hop; gangsta rap; trap music; hip-hop,United States,Going Bad (2019#18)
Megan Moroney,Q116786312,female,solo,country music; folk music,United States,Am I Okay? (2025#66)|Tennessee Orange (2023#67)
Megan Thee Stallion,Q59268408,female,solo,hip-hop; trap music; dirty rap; pop rap; pop music,United States,34+35 (2021#21)|Beautiful Mistakes (2021#34)|Body (2021#54)|Cash Shit (2019#90)|Cry Baby (2021#77)|Hot Girl Summer (2019#93)|Savage (2020#15)|Sweetest Pie (2022#62)|Thot Shit (2021#71)|Wanna Be (2024#40)|WAP (2020#24)
Meghan Trainor,Q17403494,female,solo,pop music; contemporary R&B; dance-pop; soul; doo-wop,United States,Like I'm Gonna Lose You (2016#42)|Made You Look (2023#53)|Me Too (2016#62)|No (2016#45)
Metro Boomin,Q16235273,male,solo,hip-hop; trap music,United States,Creepin' (2023#5)|Like That (2024#14)|Ric Flair Drip (2018#38)|Superhero (Heroes & Villains) (2023#38)|Type Shit (2024#51)
Migos,Q15777045,,group,Southern hip-hop; trap music; mumble rap,United States,Bad And Boujee (2017#6)|I Get The Bag (2017#93/2018#72)|MotorSport (2018#34)|Pure Water (2019#55)|Slide (2017#71)|Slippery (2017#86)|Stir Fry (2018#48)|T-Shirt (2017#52)|Walk It Talk It (2018#43)
Miguel,Q73463,male,solo,contemporary R&B; alternative R&B; hip-hop; pop music; soul,United States,Sky Walker (2018#75)|Sure Thing (2023#24)
Mike Posner,Q268284,male,solo,pop music,United States,I Took A Pill In Ibiza (2016#15)
Miley Cyrus,Q4235,genderfluid,solo,pop music; country music; pop rock; dance-pop; electropop; rock music; hip-hop; teen pop; country pop,United States,Flowers (2023#2/2024#69)|Malibu (2017#89)
Miranda Lambert,Q231233,female,solo,country music; folk music,United States,Bluebird (2020#91)
MNEK,Q6716905,male,solo,pop music,United Kingdom,Never Forget You (2016#46)
Moneybagg Yo,Q38459032,male,solo,hip-hop; trap music; gangsta rap; Memphis rap; Southern hip-hop,United States,Said Sum (2020#98)|Time Today (2021#76)|Wockesha (2021#42)
Mooski,Q113554625,male,solo,hip-hop,United States,Track Star (2021#75)
Morgan Wallen,Q29561472,male,solo,country music; country pop; bro-country; country rap,United States,20 Cigarettes (2025#90)|Ain't That Some (2023#92)|Broadway Girls (2022#81)|Chasin' You (2020#34)|Cowgirls (2024#29)|Everything I Love (2023#56)|Flower Shops (2022#96)|I Ain't Coming Back (2025#72)|I Got Better (2025#40)|I Had Some Help (2024#4/2025#8)|I Wrote The Book (2023#95)|I'm The Problem (2025#13)|Just In Case (2025#18)|Last Night (2023#1/2024#28)|Lies Lies Lies (2024#50)|Love Somebody (2025#11)|More Than My Hometown (2020#96)|One Thing At A Time (2023#37)|Sand In My Boots (2022#58)|Smile (2025#64)|Superman (2025#99)|Thinkin' Bout Me (2023#19/2024#31)|Thought You Should Know (2023#22)|Wasted On You (2022#19)|What I Want (2025#27)|Whiskey Glasses (2019#52)|You Proof (2022#27/2023#12)
Muni Long,Q7245622,female,solo,contemporary R&B; pop music,United States,Hrs And Hrs (2022#57)|Made For Me (2024#56)
Murda Beatz,Q27970613,male,solo,hip-hop,Canada,FEFE (2018#31)
Mustard,Q15941115,male,solo,hip-hop; ratchet music; West Coast hip-hop; contemporary R&B,United States,Ballin' (2020#25)|High Fashion (2020#40)|Pure Water (2019#55)
Myles Smith,Q126076580,male,solo,folk-pop; folk music; pop music; folk rock,United Kingdom,Stargazing (2024#73/2025#29)
Måneskin,Q56884561,,group,pop rock; glam rock,Italy,Beggin' (2021#66)
MØ,Q10670047,female,solo,indie pop; electronic music,Kingdom of Denmark,Cold Water (2016#25)|Lean On (2016#85)
N*E*R*D,Q941293,,group,funk rock; bossa nova; orchestral pop; hip-hop; skate punk,United States,Lemon (2018#83)
Natanael Cano,Q104904549,male,solo,corridos tumbados; regional Mexican,Mexico,PRC (2023#90)
Nate Smith,Q110707312,male,solo,country music; country rock,United States,Bulletproof (2024#96)|World On Fire (2024#90)
NAV,Q28831246,male,solo,hip-hop; cloud rap; trap music; contemporary R&B,Canada,Lemonade (2021#51)
Neckwav,Q140814188,male,solo,contemporary R&B,South Korea,Soda Pop (2025#61)|Your Idol (2025#54)
NEIKED,Q26703294,,group,,Sweden,Better Days (2022#73)
Nelly,Q218992,male,solo,Midwest hip-hop; pop rap; contemporary R&B; pop music; country rap; country music,United States,Lil Bit (2021#70)
Netón Vega,Q129208676,male,solo,regional Mexican; corridos tumbados,Mexico,Loco (2025#100)
NF,Q19571648,male,solo,hip-hop,United States,Let You Down (2018#29)
Niall Horan,Q775231,male,solo,pop music; pop rock; folk-pop,Ireland,Slow Hands (2017#32)
Nick Jonas,Q201656,male,solo,pop music; rock music; contemporary R&B,United States,Close (2016#66)
Nicki Minaj,Q162202,female,solo,hip-hop; pop music; contemporary R&B; trap music; dance music,Trinidad and Tobago,Barbie World (2023#46)|Big Bank (2018#63)|Down In The DM (2016#69)|Everybody (2024#71)|FEFE (2018#31)|FTCU (2024#88)|Hot Girl Summer (2019#93)|MotorSport (2018#34)|Plain Jane (2018#74)|Princess Diana (2023#69)|Rake It Up (2017#53)|Side To Side (2016#77/2017#43)|Super Freaky Girl (2022#56/2023#79)|Swalla (2017#85)
Nicky Jam,Q1374560,male,solo,reggaeton; Latin trap,United States,Te Bote (2018#81)|X (2018#90)
Nicky Youre,Q112666811,male,solo,indie pop,United States,Sunroof (2022#29)
Niko Moon,Q67399825,male,solo,country music,United States,Good Time (2021#84)
Nio García,Q107358694,male,solo,Latin trap; reggaeton,United States,Te Bote (2018#81)
NLE Choppa,Q64009351,male,solo,trap music; hip-hop; drill; Memphis rap; gangsta rap; Southern hip-hop,United States,Shotta Flow (2019#92)|Walk Em Down (2020#100)
Noah Kahan,Q53832755,male,solo,folk-pop,United States,Dial Drunk (2023#80)|Stick Season (2024#11)
Normani,Q28148022,female,solo,pop music; contemporary R&B,United States,Dancing With A Stranger (2019#14)|Love Lies (2018#19/2019#88)
O.T. Genasis,Q18623749,male,solo,hip-hop; trap music,United States,Cut It (2016#91)
Offset,Q30612480,male,solo,hip-hop; trap music; Southern hip-hop,United States,Clout (2019#87)|Ric Flair Drip (2018#38)|Taste (2018#28)|ZEZE (2019#31)
Old Dominion,Q20685018,,group,country pop,United States,Memory Lane (2023#87)|One Man Band (2020#59)
Oliver Anthony Music,Q121391237,male,solo,country music; folk music,United States,Rich Men North Of Richmond (2023#78)
Olivia O'Brien,Q23978275,female,solo,dance-pop; pop music,United States,I Hate U I Love U (2016#38)
Olivia Rodrigo,Q63243883,female,solo,indie pop; pop music; rock music,United States,Deja Vu (2021#13)|Drivers License (2021#8)|Good 4 U (2021#5/2022#31)|Traitor (2021#38)|Vampire (2023#30/2024#57)
One Direction,Q146027,,group,dance-pop; teen pop; pop rock,United Kingdom,Perfect (2016#100)
OneRepublic,Q1438730,,group,pop rock; alternative rock; cello rock,United States,I Ain't Worried (2022#37)
Ozuna,Q28739901,male,solo,reggaeton; Latin trap; Latin pop; dancehall,United States,Taki Taki (2019#57)|Te Bote (2018#81)
P!nk,Q160009,female,solo,pop music; pop rock; contemporary R&B,United States,Just Like Fire (2016#33)|One Too Many (2021#81)|Walk Me Home (2019#99)|What About Us (2017#84)
Panic! At The Disco,Q277551,,group,pop rock; synth-pop; pop-punk; baroque pop; emo pop; alternative rock,United States,"Hey Look Ma, I Made It (2019#61)|High Hopes (2019#11)"
Parker McCollum,Q20684755,male,solo,Americana; country music,United States,Burn It Down (2024#84)|Handle On You (2023#85)
Parmalee,Q7139162,,group,country music,United States,Just The Way (2021#88)|Take My Name (2022#82)
PARTYNEXTDOOR,Q15929398,male,solo,Canadian hip-hop; alternative R&B,Canada,Somebody Loves Me (2025#85)
Paul Russell,Q122932071,male,solo,hip-hop; contemporary R&B; pop rap,United States,Lil Boo Thang (2024#78)
Peso Pluma,Q117242724,male,solo,regional Mexican; corridos tumbados; reggaeton; Latin trap; cumbia norteña mexicana,Mexico,Ella Baila Sola (2023#26)|La Bebe (2023#40)|Por Las Noches (2023#86)|PRC (2023#90)
Pharrell Williams,Q14313,male,solo,contemporary R&B; hip-hop; pop music; funk; rock music; pop rap,United States,Feels (2017#74)
Pinkfong,Q55735607,,,children's music,South Korea,Baby Shark (2019#75)
PinkPantheress,Q107570416,female,solo,pop music; bedroom pop; dance music; alternative pop; drum and bass; 2-step garage; jungle; hyperpop,United Kingdom,"Boy's A Liar, Pt. 2 (2023#20)"
Playboi Carti,Q27671080,male,solo,Southern hip-hop; trap music; mumble rap; cloud rap; rage; punk rap; alternative hip-hop; plugg music; lo-fi music; SoundCloud rap,United States,Carnival (2024#38)|FE!N (2024#97)|Magnolia (2017#79)|Rather Lie (2025#91)|Timeless (2025#16)|Type Shit (2024#51)
PnB Rock,Q28155029,male,solo,hip-hop; contemporary R&B; trap music; pop music; pop rap,United States,Everyday We Lit (2017#95)
Polo G,Q62953486,male,solo,hip-hop; drill; trap music; conscious hip-hop; Midwest hip-hop; Chicago hip-hop,United States,Better Days (2022#73)|Pop Out (2019#45)|Rapstar (2021#30)
Pooh Shiesty,Q105105274,male,solo,trap music; Southern hip-hop; drill; hardcore hip-hop; gangsta rap; Memphis rap,United States,Back In Blood (2021#39)|Beat Box (2021#44)
Pop Smoke,Q81698554,male,solo,East Coast hip-hop; Brooklyn drill; trap music; gangsta rap; drill; hip-hop,United States,Dior (2020#83)|For The Night (2020#49/2021#32)|Mood Swings (2020#81)|The Woo (2020#78)|What You Know Bout Love (2021#22)
Portugal. The Man,Q606879,,group,pop music; indie rock,United States,Feel It Still (2017#45/2018#33)
Post Malone,Q21621919,male,solo,hip-hop; pop music; country music,United States,Better Now (2018#13/2019#32)|Chemical (2023#57)|Circles (2019#62/2020#2)|Congratulations (2017#10)|Dial Drunk (2023#80)|Fortnight (2024#22)|Goodbyes (2019#30)|I Ain't Coming Back (2025#72)|I Fall Apart (2018#39)|I Had Some Help (2024#4/2025#8)|I Like You (A Happier Song) (2022#26/2023#75)|One Right Now (2022#30)|Pour Me A Drink (2024#76)|Psycho (2018#6)|Rockstar (2017#56/2018#5)|Sunflower (Spider-Man: Into The Spider-Verse) (2019#2)|White Iverson (2016#65)|Wow. (2019#5)
Powfu,Q89069821,male,solo,hip-hop; lo-fi music; power pop; rock music,Canada,Death Bed (2020#43)
Project Pat,Q593741,male,solo,Memphis rap; gangsta rap; hardcore hip-hop; Southern hip-hop; crunk; dirty south; trap music; horrorcore,United States,Knife Talk (2021#86/2022#60)
Quavo,Q30072039,male,solo,hip-hop; trap music,United States,Congratulations (2017#10)|I'm The One (2017#12)|Intentions (2020#17)|No Brainer (2018#73)|Strip That Down (2017#36)
Rae Sremmurd,Q18123226,,group,hip-hop; trap music; pop music; pop rap,United States,Black Beatles (2017#19)|Powerglide (2018#97)|Swang (2017#64)
Rauw Alejandro,Q61586861,male,solo,contemporary R&B; urban contemporary; Latin R&B; reggaeton; Latin trap; Latin pop; salsa,United States,Party (2022#77)|Todo de Ti (2021#100)
Ravyn Lenae,Q28962463,female,solo,contemporary R&B; alternative R&B; neo soul,United States,Love Me Not (2025#30)
RAYE,Q28071144,female,solo,contemporary R&B,United Kingdom,Escapism (2023#48)
REI AMI,Q104842557,female,solo,K-pop; pop music; hip-hop; contemporary R&B,South Korea,Golden (2025#25)|How It's Done (2025#68)|Takedown (2025#93)|What It Sounds Like (2025#83)
Rema,Q65071082,male,solo,Afrobeats,Nigeria,Calm Down (2023#6)
Remy Boyz,Q63405888,,group,hip-hop,United States,679 (2016#54)
Remy Ma,Q275437,female,solo,East Coast hip-hop,United States,All The Way Up (2016#87)
Rhenzy Feliz,Q34344805,male,solo,,United States,We Don't Talk About Bruno (2022#24)
Rich The Kid,Q18637908,male,solo,hip-hop; trap music; mumble rap; plugg music; Southern hip-hop,United States,Carnival (2024#38)|Plug Walk (2018#57)
Rick Ross,Q297831,male,solo,Southern hip-hop; gangsta rap; mafioso rap; trap music; hardcore hip-hop; dirty south,United States,Money In The Grave (2019#34)
Rihanna,Q36844,female,solo,pop music; dancehall; contemporary R&B; electronic dance music; adult contemporary music,Barbados,Lemon (2018#83)|Lift Me Up (2023#63)|Love On The Brain (2017#33)|Loyalty. (2017#66)|Needed Me (2016#13)|This Is What You Came For (2016#17)|Too Good (2016#29)|Wild Thoughts (2017#18)|Work (2016#4)
Riley Green,Q57418818,male,solo,country music,United States,Worst Way (2025#35)
Ritt Momney,Q105105308,male,solo,folk music; indie pop; synth-pop,United States,Put Your Records On (2021#93)
Rod Wave,Q78754352,male,solo,hip-hop; contemporary R&B; soul; trap music,United States,Heart On Ice (2020#51)|Rags2Riches (2020#90)|Tombstone (2021#98)
Roddy Ricch,Q59209423,male,solo,West Coast hip-hop; trap music; pop rap; gangsta rap; hardcore hip-hop; hip-hop,United States,Ballin' (2020#25)|High Fashion (2020#40)|Late At Night (2021#72)|Rockstar (2020#5)|The Box (2020#3)|The Woo (2020#78)|Walk Em Down (2020#100)
ROSÉ,Q27655344,female,solo,K-pop; dance-pop; hip-hop; electronic dance music,New Zealand,APT. (2025#9)
Rozes,Q22955580,female,solo,pop music; dance music; electronic dance music,United States,Roses (2016#27)
Russell Dickerson,Q24572267,male,solo,country music,United States,Happen To Me (2025#69)|She Likes It (2022#91)
Ruth B,Q22056665,female,solo,pop music,Canada,Lost Boy (2016#76)
Ryan Hurd,Q42224127,male,solo,country music,United States,Chasing After You (2021#61)
Sabrina Carpenter,Q7396400,female,solo,pop music; teen pop; dance-pop; contemporary R&B; electropop; country pop,United States,Bed Chem (2025#45)|Espresso (2024#7/2025#12)|Feather (2024#25)|Manchild (2025#38)|Please Please Please (2024#16/2025#50)|Taste (2024#86/2025#19)
SAINt JHN,Q52274581,male,solo,hip-hop; trap music; contemporary R&B,United States,Roses (2020#19)
Sam Barber,Q124428137,male,solo,country music,United States,Indigo (2025#49)
Sam Hunt,Q16223171,male,solo,country music,United States,Body Like A Back Road (2017#8)|Hard To Forget (2020#69)
Sam Smith,Q15123969,non-binary,solo,soul; contemporary R&B; pop music; rhythm and blues,United Kingdom,Dancing With A Stranger (2019#14)|How Do You Sleep? (2019#83)|Too Good At Goodbyes (2017#77/2018#49)|Unholy (2022#98/2023#11)
Sam Tompkins,Q112155955,male,solo,pop music,United Kingdom,To The Moon! (2022#97)
samUIL Lee,Q140814222,male,solo,J-pop,South Korea,Soda Pop (2025#61)|Your Idol (2025#54)
Saweetie,Q50486592,female,solo,hip-hop,United States,Best Friend (2021#29)|My Type (2019#76)
Scotty McCreery,Q255969,male,solo,country music,United States,Damn Strait (2022#93)
Sean Paul,Q200577,male,solo,dancehall; pop music,Jamaica,Cheap Thrills (2016#11)|Rockabye (2017#44)
Selena Gomez,Q83287,female,solo,pop music; dance-pop; electropop; pop rock; contemporary R&B; alternative R&B,United States,Back To You (2018#41)|Calm Down (2023#6)|Hands To Myself (2016#56)|It Ain't Me (2017#27)|Lose You To Love Me (2020#30)|Same Old Love (2016#40)|Taki Taki (2019#57)|We Don't Talk Anymore (2016#50)|Wolves (2018#60)
Sexyy Red,Q119842023,female,solo,hip-hop; trap music; dirty rap; Midwest hip-hop,United States,Get It Sexyy (2024#55)|Rich Baby Daddy (2024#45)|Sticky (2025#41)|Whatchu Kno About Me (2025#48)
Shaboozey,Q125295750,male,solo,alternative country; country music; hip-hop; Americana,United States,A Bar Song (Tipsy) (2024#2/2025#3)|Good News (2025#23)
SHAED,Q60643444,,group,electropop; indie pop,United States,Trampoline (2019#70/2020#53)
Shakira,Q34424,female,solo,pop music; Latin pop; pop rock; Latin rock; dance music; folk music; world music; contemporary R&B; rock music,Spain,"Bzrp Music Sessions, Vol. 53 (2023#96)|TQG (2023#65)"
Shawn Mendes,Q17198340,male,solo,folk-pop; pop music; pop rock,Canada,I Know What You Did Last Summer (2016#86)|If I Can't Have You (2019#29)|In My Blood (2018#46)|Mercy (2017#54)|Senorita (2019#15/2020#44)|Stitches (2016#23)|There's Nothing Holdin' Me Back (2017#23)|Treat You Better (2016#28/2017#92)
Shay Mooney,Q116536996,male,solo,country music,United States,"10,000 Hours (2020#23)|All To Myself (2019#97)|Glad You Exist (2021#64)|Speechless (2019#35)|Tequila (2018#32/2019#91)"
Sheck Wes,Q56513324,male,solo,East Coast hip-hop; trap music,United States,Mo Bamba (2019#49)
Sia,Q181484,female,solo,electropop; indie pop,Australia,Cheap Thrills (2016#11)
Silentó,Q20354248,male,solo,hip-hop; pop rap; trap music; comedy hip-hop; snap music; pop music,United States,Watch Me (2016#88)
Skip Marley,Q21621948,male,solo,reggae; pop music; hip-hop; rock music,Jamaica,Chained To The Rhythm (2017#73)
Snow,Q94708,male,solo,dancehall; reggae; hip-hop; reggae fusion,Canada,Con Calma (2019#65)
Social House,Q65117469,,group,pop music,United States,Boyfriend (2019#98)
sombr,Q133444448,male,solo,alternative pop; bedroom pop,United States,Back To Friends (2025#44)|Undressed (2025#42)
SpotemGottem,Q105105325,male,solo,mumble rap; trap music; drill; Southern hip-hop,United States,Beat Box (2021#44)
StaySolidRocky,Q95918251,male,solo,hip-hop,United States,Party Girl (2020#64)
Stephanie Beatriz,Q16832110,female,solo,,United States,We Don't Talk About Bruno (2022#24)
Stephen Sanchez,Q113023532,male,solo,pop music,United States,Until I Found You (2023#50)
Steve Lacy,Q56733980,male,solo,alternative R&B,United States,Bad Habit (2022#28/2023#39)
Summer Walker,Q61959478,female,solo,contemporary R&B,United States,Good Good (2024#79)|Heart Of A Woman (2025#94)
Surf Mesa,Q93771412,male,solo,tropical house,United States,ily (2020#95)
Surfaces,Q76330429,,group,pop music,United States,Sunday Best (2020#61)
Swae Lee,Q30103025,male,solo,hip-hop; trap music,United States,Be Like That (2020#88)|Close To Me (2019#58)|Sunflower (Spider-Man: Into The Spider-Verse) (2019#2)|Unforgettable (2017#15)
SZA,Q16210722,female,solo,contemporary R&B; alternative R&B; neo soul; pop music; hip-hop,United States,30 For 30 (2025#21)|All The Stars (2018#47)|BMF (2025#76)|Good Days (2021#52)|I Hate U (2022#50)|Kill Bill (2023#3)|Kiss Me More (2021#6/2022#90)|Love Galore (2017#80)|Luther (2025#2)|Nobody Gets Me (2023#77)|Rich Baby Daddy (2024#45)|Saturn (2024#19)|Shirt (2023#51)|Snooze (2023#9/2024#20)|What Lovers Do (2017#97/2018#89)
Tae,Q54607285,female,solo,country music,United States,Die From A Broken Heart (2020#65)
Tate McRae,Q95129121,female,solo,pop music; alternative pop; dance-pop,Canada,Exes (2024#93)|Greedy (2024#13)|Revolving Door (2025#82)|She's All I Wanna Be (2022#94)|Sports Car (2025#46)|What I Want (2025#27)|You Broke Me First. (2021#37)
Taylor Swift,Q26876,female,solo,pop music; country music,United States,All Too Well (Taylor's Version) (2022#76)|Anti-Hero (2023#4)|Cruel Summer (2023#18/2024#12)|Delicate (2018#24)|Down Bad (2024#99)|Fortnight (2024#22)|I Can Do It With A Broken Heart (2024#35)|I Don't Wanna Live Forever (Fifty Shades Darker) (2017#26)|Is It Over Now? (Taylor's Version) [From The Vault] (2024#33)|Karma (2023#27)|Lavender Haze (2023#32)|Look What You Made Me Do (2017#39)|ME! (2019#43)|Wildest Dreams (2016#79)|Willow (2021#55)|You Need To Calm Down (2019#39)
Teddy Swims,Q105542333,male,solo,country music; pop music; rhythm and blues; soul,United States,Bad Dreams (2025#74)|Lose Control (2024#1/2025#4)
Tems,Q72759173,female,solo,alternative R&B; Afrobeats,Nigeria,Essence (2021#60/2022#64)|Wait For U (2022#11/2023#83)
Teo,Q55860035,male,solo,hip-hop,United States,Rolex (2017#61)
The Chainsmokers,Q7721993,,group,electronic dance music,United States,Closer (2016#10/2017#7)|Don't Let Me Down (2016#8)|Paris (2017#42)|Roses (2016#27)|Something Just Like This (2017#5)
The Kid LAROI,Q82890761,male,solo,Australian hip-hop; contemporary R&B; pop music; emo rap,Australia,Stay (2021#12/2022#3)|Without You (2021#17)
The Marías,Q85807852,,group,indie pop; psychedelic soul; dream pop; synth-pop,United States,No One Noticed (2025#32)
The Weeknd,Q2121062,male,solo,alternative R&B; pop music; electropop,Canada,Blinding Lights (2020#1/2021#3)|Call Out My Name (2018#78)|Can't Feel My Face (2016#72)|Creepin' (2023#5)|Cry For Me (2025#73)|Die For You (2023#7)|Heartless (2020#28)|I Feel It Coming (2017#34)|In The Night (2016#61)|Low Life (2016#30)|One Right Now (2022#30)|Pray For Me (2018#40)|Rather Lie (2025#91)|Save Your Tears (2021#2/2022#40)|Starboy (2016#58/2017#20)|Take My Breath (2021#89)|The Hills (2016#32)|Timeless (2025#16)|You Right (2021#43/2022#45)
Thomas Rhett,Q7793491,male,solo,country music,United States,After All The Bars Are Closed (2025#88)|Die A Happy Man (2016#64)|Look What God Gave Her (2019#85)|Marry Me (2018#76)|What's Your Country Song (2021#80)
Tim McGraw,Q356487,male,solo,country music,United States,Humble And Kind (2016#96)
Tommy Richman,Q125778611,male,solo,pop rap; contemporary R&B,United States,Million Dollar Baby (2024#8)
Tones And I,Q62887629,female,solo,indie pop; electronic dance music; pop music,Australia,Dance Monkey (2020#14)
Toosii,Q106725126,male,solo,hip-hop,United States,Favorite Song (2023#21)
Tory Lanez,Q18353558,male,solo,hip-hop; contemporary R&B,Canada,Luv (2016#70)|Say It (2016#74)|Whats Poppin (2020#13)
Tove Lo,Q15948790,female,solo,pop music; indie pop; synth-pop; electropop,Sweden,Close (2016#66)
Travis Scott,Q13605596,male,solo,hip-hop; trap music; pop rap; psychedelic rap; rock music; Southern hip-hop; contemporary R&B; psychedelic music; pop rock; alternative rock; alternative hip-hop; alternative R&B; psychedelic rock; psychedelic hip-hop,United States,Antidote (2016#75)|FE!N (2024#97)|Goosebumps (2017#68)|HIGHEST IN THE ROOM (2020#45)|Love Galore (2017#80)|Meltdown (2023#97)|Sicko Mode (2018#42/2019#9)|Sky Walker (2018#75)|The London (2019#64)|The Scotts (2020#86)|Type Shit (2024#51)|ZEZE (2019#31)
Trevor Daniel,Q81738417,male,solo,contemporary R&B; pop music,United States,Falling (2020#22)
Tucker Wetmore,Q124754909,male,solo,country music,United States,Wind Up Missin' You (2024#95)
twenty one pilots,Q7857806,,group,reggae; alternative rock; electropop; alternative hip-hop; rap rock; indie pop; pop rock,United States,Heathens (2016#21/2017#58)|Ride (2016#20)|Stressed Out (2016#5)
Ty Dolla $ign,Q7859785,male,solo,contemporary R&B; West Coast hip-hop; trap music; hip-hop,United States,Carnival (2024#38)|Hot Girl Summer (2019#93)|Psycho (2018#6)|Sucker For Pain (2016#68)|Swalla (2017#85)|Work From Home (2016#16)
Tyga,Q358087,male,solo,West Coast hip-hop; pop rap,United States,Juicy (2020#87)|Taste (2018#28)
Tyla,Q118105408,female,solo,contemporary R&B; pop music; Amapiano; new jack swing,South Africa,Water (2024#24)
Tyler Cole,Q140814245,male,solo,,United States,Meet Me At Our Spot (2022#74)
Tyler Hubbard,Q20740966,male,solo,country music,United States,5 Foot 9 (2022#67)|Dancin' In The Country (2023#61)
"Tyler, The Creator",Q167635,male,solo,alternative hip-hop; neo soul; West Coast hip-hop; jazz rap; hardcore hip-hop; horrorcore,United States,Like Him (2025#62)|Sticky (2025#41)
Usher,Q165911,male,solo,contemporary R&B; pop music; soul; hip-hop; dance music; dance-pop; crunk,United States,Good Good (2024#79)|No Limit (2016#90)
Victoria Monét,Q19864989,female,solo,pop music; contemporary R&B; hip-hop,United States,On My Mama (2024#91)
Walker Hayes,Q7962267,male,solo,country music,United States,AA (2022#61)|Fancy Like (2021#27/2022#35)
Warren Zeiders,Q120986980,male,solo,country music,United States,Pretty Little Poison (2024#60)
Wham!,Q744087,,group,pop music; new wave; blue-eyed soul,United Kingdom,Last Christmas (2023#84/2024#74/2025#65)
WILLOW,Q298209,female,solo,indie pop; alternative R&B; experimental pop; neo soul; hip-hop; electronic dance music; pop music; dream pop; contemporary R&B; rock music; indie rock; progressive rock; pop-punk; alternative rock; alternative pop; jazz,United States,Meet Me At Our Spot (2022#74)
Willy William,Q17016749,male,solo,house music; reggaeton; zouk,France,Mi Gente (2017#50/2018#99)
Wiz Khalifa,Q117139,male,solo,East Coast hip-hop; pop rap,United States,See You Again (2016#99)|Sucker For Pain (2016#68)
Wizkid,Q16233663,male,solo,Afrobeats; dancehall; rhythm and blues,Nigeria,Essence (2021#60/2022#64)|One Dance (2016#3)
X Ambassadors,Q15963313,,group,alternative rock,United States,Sucker For Pain (2016#68)|Unsteady (2016#67)
Xavi,Q124219723,male,solo,regional Mexican; corridos tumbados,United States,La Diabla (2024#72)
XXXTENTACION,Q28561969,male,solo,hip-hop; emo rap; SoundCloud rap; rap rock; lo-fi music; hardcore hip-hop; alternative rock; lofi hip-hop; indie rock; nu metal; cloud rap; trap music; hardcore punk; trap metal; punk rock; rock music; rap metal; alternative R&B; contemporary R&B; punk rap; heavy metal music,United States,Changes (2018#94)|Look At Me! (2017#99)|Moonlight (2018#88)|Sad! (2018#17)
Yeat,Q108761978,male,solo,experimental hip-hop; rage; trap music,United States,IDGAF (2024#83)
YFN Lucci,Q28000403,male,solo,hip-hop,United States,Everyday We Lit (2017#95)
YG,Q3076050,male,solo,West Coast hip-hop; gangsta rap; dirty rap; hardcore hip-hop,United States,Big Bank (2018#63)|Slide (2020#99)
YK Osiris,Q66095815,male,solo,contemporary R&B; hip-hop,United States,Worth It (2019#77)
Yng Lvcas,Q117834547,male,solo,reggaeton,Mexico,La Bebe (2023#40)
YNW Melly,Q56276347,male,solo,Southern hip-hop; trap music; contemporary R&B; gangsta rap; drill; hardcore hip-hop,United States,Murder On My Mind (2019#66)|Suicidal (2020#75)
Yo Gotti,Q586919,male,solo,Southern hip-hop; trap music; dirty south; hardcore hip-hop; gangsta rap; Memphis rap,United States,Down In The DM (2016#69)|Rake It Up (2017#53)
Young Dolph,Q23541285,male,solo,Southern hip-hop; gangsta rap; trap music; Memphis rap; dirty south; hardcore hip-hop,United States,Cut It (2016#91)
Young Nudy,Q62036530,male,solo,hip-hop,United States,Peaches & Eggplants (2023#94)
Young Thug,Q15637814,male,solo,Southern hip-hop; trap music; mumble rap; progressive rap; SoundCloud rap,United States,Go Crazy (2020#39/2021#19)|Goodbyes (2019#30)|Havana (2017#96/2018#4)|Hot (2020#72)|No Limit (2016#90)|Pushin P (2022#48)|The London (2019#64)|Way 2 Sexy (2021#48)
YoungBoy Never Broke Again,Q36490532,male,solo,hip-hop; Southern hip-hop; gangsta rap; trap music,United States,Bandit (2020#63)|Outside Today (2018#91)
Yung Bleu,Q105105248,male,solo,contemporary R&B; hip-hop,United States,You're Mines Still (2021#58)
Zacari,Q68593407,male,solo,contemporary R&B; hip-hop; alternative hip-hop; alternative R&B,United States,Love. (2018#50)
Zach Bryan,Q106770023,male,solo,alternative country; red dirt; country music,United States,I Remember Everything (2023#74/2024#9)|Pink Skies (2024#30)|Something In The Orange (2022#39/2023#13)
Zach Top,Q126414316,male,solo,country music,United States,I Never Lie (2025#43)
Zara Larsson,Q4177928,female,solo,dance-pop; pop music; electropop,Sweden,Never Forget You (2016#46)
Zay Hilfigerrr,Q55859289,male,solo,hip-hop,United States,Juju On That Beat (TZ Anthem) (2017#63)
Zayion McCall,Q55859293,male,solo,hip-hop,United States,Juju On That Beat (TZ Anthem) (2017#63)
Zayn,Q3626950,male,solo,pop music; contemporary R&B; dance-pop; alternative R&B,United Kingdom,I Don't Wanna Live Forever (Fifty Shades Darker) (2017#26)|Pillowtalk (2016#22)
Zedd,Q21088,male,solo,electronic dance music; house music; electro house,Russia,Starving (2016#94/2017#82)|Stay (2017#17)|The Middle (2018#8)
Óscar Maydon,Q130241052,male,solo,corridos tumbados,Mexico,Tu Boda (2025#87)
