Title,Artists,Positions
'Til You Can't,Cody Johnson,2022#34
1-800-273-8255,Logic Featuring Alessia Cara & Khalid,2017#31/2018#84
"10,000 Hours",Dan + Shay & Justin Bieber,2020#23
2 Phones,Kevin Gates,2016#57
20 Cigarettes,Morgan Wallen,2025#90
24K Magic,Bruno Mars,2017#16
30 For 30,SZA With Kendrick Lamar,2025#21
34+35,Ariana Grande Feat. Doja Cat & Megan Thee Stallion,2021#21
5 Foot 9,Tyler Hubbard,2022#67
679,Fetty Wap Featuring Remy Boyz,2016#54
7 Rings,Ariana Grande,2019#7
7 Years,Lukas Graham,2016#12
A Bar Song (Tipsy),Shaboozey,2024#2/2025#3
A Holly Jolly Christmas,Burl Ives,2022#89/2023#71/2024#94
A Lot,21 Savage,2019#42
AA,Walker Hayes,2022#61
abcdefu,GAYLE,2022#17
About Damn Time,Lizzo,2022#12
Abracadabra,Lady Gaga,2025#56
Act II: Date @ 8,4batz Featuring Drake,2024#80
Act Up,City Girls,2019#68
Adore You,Harry Styles,2020#6
Adventure Of A Lifetime,Coldplay,2016#95
After All The Bars Are Closed,Thomas Rhett,2025#88
Agora Hills,Doja Cat,2024#17
Ain't No Love In Oklahoma,Luke Combs,2024#37
Ain't That Some,Morgan Wallen,2023#92
All I Want For Christmas Is You,Mariah Carey,2020#67/2021#78/2022#65/2023#55/2024#54/2025#59
All In My Head (Flex),Fifth Harmony Featuring Fetty Wap,2016#93
All My Life,Lil Durk Featuring J. Cole,2023#25
All The Stars,Kendrick Lamar & SZA,2018#47
All The Way,BigXthaPlug Featuring Bailey Zimmerman,2025#33
All The Way Up,"Fat Joe, Remy Ma & Jay Z Featuring French Montana & Infared",2016#87
All Time Low,Jon Bellion,2017#75
All To Myself,Dan + Shay,2019#97
All Too Well (Taylor's Version),Taylor Swift,2022#76
Am I Okay?,Megan Moroney,2025#66
Anti-Hero,Taylor Swift,2023#4
Antidote,Travis Scott,2016#75
Anxiety,Doechii,2025#39
Anyone,Justin Bieber,2021#74
APT.,ROSE & Bruno Mars,2025#9
Arcade,Duncan Laurence,2021#82
Area Codes,Kaliii,2023#88
As It Was,Harry Styles,2022#2/2023#15
Astronaut In The Ocean,Masked Wolf,2021#20
Attention,Charlie Puth,2017#22
Austin,Dasha,2024#27
Baby,Lil Baby & DaBaby,2019#84
Baby Shark,Pinkfong,2019#75
Back In Blood,Pooh Shiesty Featuring Lil Durk,2021#39
Back To Friends,sombr,2025#44
Back To Sleep,Chris Brown,2016#89
Back To You,Selena Gomez,2018#41
Backup Plan,Bailey Zimmerman & Luke Combs,2025#80
Bad And Boujee,Migos Featuring Lil Uzi Vert,2017#6
Bad At Love,Halsey,2018#27
Bad Dreams,Teddy Swims,2025#74
Bad Guy,Billie Eilish,2019#4/2020#46
Bad Habit,Steve Lacy,2022#28/2023#39
Bad Habits,Ed Sheeran,2021#15/2022#13
Bad Things,Machine Gun Kelly x Camila Cabello,2017#41
Baile Inolvidable,Bad Bunny,2025#70
Ballin',Mustard & Roddy Ricch,2020#25
Bam Bam,Camila Cabello Featuring Ed Sheeran,2022#66
Bandit,Juice WRLD & YoungBoy Never Broke Again,2020#63
Bang!,AJR,2021#56
Bank Account,21 Savage,2017#48
Barbie World,Nicki Minaj & Ice Spice With Aqua,2023#46
Bartier Cardi,Cardi B Featuring 21 Savage,2018#61
Be Alright,Dean Lewis,2019#54
Be Careful,Cardi B,2018#59
Be Like That,Kane Brown With Swae Lee & Khalid,2020#88
Beat Box,SpotemGottem Featuring Pooh Shiesty Or DaBaby,2021#44
Beautiful,Bazzi Featuring Camila Cabello,2019#95
Beautiful Crazy,Luke Combs,2019#46
Beautiful Mistakes,Maroon 5 Featuring Megan Thee Stallion,2021#34
Beautiful People,Ed Sheeran Featuring Khalid,2019#50
Beautiful Things,Benson Boone,2024#3/2025#6
Bebe Dame,Fuerza Regida X Grupo Frontera,2023#73
Bed Chem,Sabrina Carpenter,2025#45
Beer Never Broke My Heart,Luke Combs,2019#63
Before You Go,Lewis Capaldi,2020#21
Beggin',Maneskin,2021#66
Believer,Imagine Dragons,2017#9/2018#100
Best Friend,Saweetie Featuring Doja Cat,2021#29
Better,Khalid,2019#20
Better Days,NEIKED X Mae Muller X Polo G,2022#73
Better Now,Post Malone,2018#13/2019#32
Better Together,Luke Combs,2021#57
Big Bank,"YG Featuring 2 Chainz, Big Sean & Nicki Minaj",2018#63
Big Energy,Latto,2022#7
Birds Of A Feather,Billie Eilish,2024#15/2025#5
Black Beatles,Rae Sremmurd Featuring Gucci Mane,2017#19
Blinding Lights,The Weeknd,2020#1/2021#3
Bloody Mary,Lady Gaga,2023#99
Blue Strips,Jessie Murph,2025#52
Blueberry Faygo,Lil Mosey,2020#27
Bluebird,Miranda Lambert,2020#91
BMF,SZA,2025#76
Bodak Yellow (Money Moves),Cardi B,2017#24/2018#54
Body,Megan Thee Stallion,2021#54
Body Like A Back Road,Sam Hunt,2017#8
Boo'd Up,Ella Mai,2018#15
BOP,DaBaby,2020#29
Both,Gucci Mane Featuring Drake,2017#83
Bounce Back,Big Sean,2017#35
"Boy's A Liar, Pt. 2",PinkPantheress & Ice Spice,2023#20
Boyfriend,Ariana Grande & Social House,2019#98
Boyfriend,Dove Cameron,2022#51
Break My Heart,Dua Lipa,2020#33
Break My Soul,Beyonce,2022#38
"Break Up With Your Girlfriend, I'm Bored",Ariana Grande,2019#36
Breathin,Ariana Grande,2019#72
Broadway Girls,Lil Durk Featuring Morgan Wallen,2022#81
Broccoli,D.R.A.M. Featuring Lil Yachty,2016#34/2017#70
Bulletproof,Nate Smith,2024#96
Burn It Down,Parker McCollum,2024#84
Burning Blue,Mariah The Scientist,2025#58
Bury A Friend,Billie Eilish,2019#73
Bury Me In Georgia,Kane Brown,2023#89
Butter,BTS,2021#11
Buy Dirt,Jordan Davis Featuring Luke Bryan,2022#49
"Bzrp Music Sessions, Vol. 53",Bizarrap & Shakira,2023#96
Cake By The Ocean,DNCE,2016#18
Call Out My Name,The Weeknd,2018#78
Calling My Phone,Lil Tjay Featuring 6LACK,2021#33
Calm Down,Rema & Selena Gomez,2023#6
Can't Feel My Face,The Weeknd,2016#72
Can't Stop The Feeling!,Justin Timberlake,2016#9/2017#49
Carnival,¥$: Ye & Ty Dolla $ign Featuring Rich The Kid & Playboi Carti,2024#38
Caroline,Amine,2017#60
Cash Shit,Megan Thee Stallion Featuring DaBaby,2019#90
Castle On The Hill,Ed Sheeran,2017#40
Chained To The Rhythm,Katy Perry Featuring Skip Marley,2017#73
Changes,XXXTENTACION,2018#94
Chasin' You,Morgan Wallen,2020#34
Chasing After You,Ryan Hurd With Maren Morris,2021#61
Cheap Thrills,Sia Featuring Sean Paul,2016#11
Chemical,Post Malone,2023#57
Circles,Post Malone,2019#62/2020#2
Circles Around This Town,Maren Morris,2022#100
Close,Nick Jonas Featuring Tove Lo,2016#66
Close Friends,Lil Baby,2019#74
Close To Me,Ellie Goulding X Diplo Featuring Swae Lee,2019#58
Closer,The Chainsmokers Featuring Halsey,2016#10/2017#7
Clout,Offset Featuring Cardi B,2019#87
Cold,Maroon 5 Featuring Future,2017#69
Cold Heart (PNAU Remix),Elton John & Dua Lipa,2022#10
Cold Water,Major Lazer Featuring Justin Bieber & MO,2016#25
Come & Go,Juice WRLD x Marshmello,2020#54
Con Calma,Daddy Yankee & Katy Perry Featuring Snow,2019#65
Congratulations,Post Malone Featuring Quavo,2017#10
Controlla,Drake,2016#41
Cowgirls,Morgan Wallen Featuring ERNEST,2024#29
Creepin',"Metro Boomin, The Weeknd & 21 Savage",2023#5
Cruel Summer,Taylor Swift,2023#18/2024#12
Cry Baby,Megan Thee Stallion Featuring DaBaby,2021#77
Cry For Me,The Weeknd,2025#73
Cuff It,Beyonce,2023#29
Cupid,Fifty Fifty,2023#44
Cut It,O.T. Genasis Featuring Young Dolph,2016#91
Daisies,Justin Bieber,2025#60
Dakiti,Bad Bunny & Jhay Cortez,2021#28
Damn Strait,Scotty McCreery,2022#93
Dance Monkey,Tones And I,2020#14
Dance The Night,Dua Lipa,2023#35/2024#100
Dancin' In The Country,Tyler Hubbard,2023#61
Dancing With A Stranger,Sam Smith & Normani,2019#14
Dangerous Woman,Ariana Grande,2016#36
Dark Thoughts,Lil Tecca,2025#96
Daylight,David Kushner,2023#62
Death Bed,Powfu Featuring beabadoobee,2020#43
Deja Vu,Olivia Rodrigo,2021#13
Delicate,Taylor Swift,2018#24
Denial Is A River,Doechii,2025#75
Despacito,Luis Fonsi & Daddy Yankee Featuring Justin Bieber,2017#2
Despues de La Playa,Bad Bunny,2022#78
Dial Drunk,Noah Kahan With Post Malone,2023#80
Die A Happy Man,Thomas Rhett,2016#64
Die For You,The Weeknd & Ariana Grande,2023#7
Die From A Broken Heart,Maddie & Tae,2020#65
Die With A Smile,Lady Gaga & Bruno Mars,2024#62/2025#1
Dior,Pop Smoke,2020#83
DNA.,Kendrick Lamar,2017#62
Do Re Mi,Blackbear,2017#98
Does To Me,Luke Combs Featuring Eric Church,2020#93
Doin' This,Luke Combs,2022#71
Don't,Bryson Tiller,2016#35
Don't Let Me Down,The Chainsmokers Featuring Daya,2016#8
Don't Mind,Kent Jones,2016#48
Don't Start Now,Dua Lipa,2020#4
Don't Wanna Know,Maroon 5 Featuring Kendrick Lamar,2017#38
Down,Marian Hill,2017#90
Down Bad,Taylor Swift,2024#99
Down In The DM,Yo Gotti Featuring Nicki Minaj,2016#69
Drinkin' Beer. Talkin' God. Amen.,Chase Rice Featuring Florida Georgia Line,2021#99
Drip Too Hard,Lil Baby & Gunna,2019#26
Drivers License,Olivia Rodrigo,2021#8
Drowning,A Boogie Wit da Hoodie Featuring Kodak Black,2017#81
DTMF,Bad Bunny,2025#51
Dura,Daddy Yankee,2018#93
Dynamite,BTS,2020#38/2021#41
Eastside,"Benny Blanco, Halsey & Khalid",2018#77/2019#17
Easy On Me,Adele,2022#4
Efecto,Bad Bunny,2022#69
Ella Baila Sola,Eslabon Armado X Peso Pluma,2023#26
Emotionally Scarred,Lil Baby,2020#74
End Of Beginning,Djo,2024#47
Enemy,Imagine Dragons X JID,2022#15
Envy Me,Calboy,2019#59
EOO,Bad Bunny,2025#77
Escapism,RAYE Featuring 070 Shake,2023#48
Espresso,Sabrina Carpenter,2024#7/2025#12
Essence,Wizkid Featuring Justin Bieber & Tems,2021#60/2022#64
Euphoria,Kendrick Lamar,2024#66
Even Though I'm Leaving,Luke Combs,2020#85
Every Chance I Get,DJ Khaled Featuring Lil Baby & Lil Durk,2021#59
Everybody,Nicki Minaj Featuring Lil Uzi Vert,2024#71
Everyday We Lit,YFN Lucci Featuring PnB Rock,2017#95
Everything I Love,Morgan Wallen,2023#56
Everything I Wanted,Billie Eilish,2020#18
Ex's & Oh's,Elle King,2016#63
Exchange,Bryson Tiller,2016#53
Exes,Tate McRae,2024#93
Eyes Closed,Ed Sheeran,2023#64
Eyes On You,Chase Rice,2019#96
Fake Love,Drake,2017#37
Fall In Love,Bailey Zimmerman,2022#54
Falling,Trevor Daniel,2020#22
Famous Friends,Chris Young + Kane Brown,2021#69
Fancy Like,Walker Hayes,2021#27/2022#35
Fast Car,Luke Combs,2023#8/2024#23
Favorite Song,Toosii,2023#21
FE!N,Travis Scott Featuring Playboi Carti,2024#97
Feather,Sabrina Carpenter,2024#25
Feel It Still,Portugal. The Man,2017#45/2018#33
Feels,"Calvin Harris Featuring Pharrell Williams, Katy Perry & Big Sean",2017#74
FEFE,6ix9ine Featuring Nicki Minaj & Murda Beatz,2018#31
Finesse,Bruno Mars & Cardi B,2018#14
Fingers Crossed,Lauren Spencer-Smith,2022#75
First Class,Jack Harlow,2022#6
First Person Shooter,Drake Featuring J. Cole,2024#61
Flower Shops,ERNEST Featuring Morgan Wallen,2022#96
Flowers,Miley Cyrus,2023#2/2024#69
Folded,Kehlani,2025#98
For Free,DJ Khaled Featuring Drake,2016#59
For The Night,Pop Smoke Featuring Lil Baby & DaBaby,2020#49/2021#32
Forever After All,Luke Combs,2021#18
Fortnight,Taylor Swift Featuring Post Malone,2024#22
Freaky Friday,Lil Dicky Featuring Chris Brown,2018#55
Free,Rumi & JINU: EJAE & Andrew Choi,2025#92
Friends,Marshmello & Anne-Marie,2018#26
FTCU,Nicki Minaj,2024#88
Fukumean,Gunna,2023#31/2024#85
Gata Only,FloyyMenor X Cris Mj,2024#52
Get Along,Kenny Chesney,2018#87
Get Into It (Yuh),Doja Cat,2022#68
Get It Sexyy,Sexyy Red,2024#55
Ghost,Justin Bieber,2022#8
Girls Like You,Maroon 5 Featuring Cardi B,2018#10/2019#22
Glad You Exist,Dan + Shay,2021#64
Glimpse Of Us,Joji,2022#52
Go Crazy,Chris Brown & Young Thug,2020#39/2021#19
God Is A Woman,Ariana Grande,2018#62
God's Country,Blake Shelton,2019#53
God's Plan,Drake,2018#1
Godzilla,Eminem Featuring Juice WRLD,2020#62
Going Bad,Meek Mill Featuring Drake,2019#18
"Going, Going, Gone",Luke Combs,2023#59
Gold,Kiiara,2016#52
Golden,"HUNTR/X: EJAE, Audrey Nuna & REI AMI",2025#25
Golden Hour,JVKE,2023#41
Good 4 U,Olivia Rodrigo,2021#5/2022#31
Good As Hell,Lizzo,2020#31
Good As You,Kane Brown,2019#86
Good Days,SZA,2021#52
Good Good,"Usher, Summer Walker & 21 Savage",2024#79
"Good Luck, Babe!",Chappell Roan,2024#18/2025#31
Good News,Shaboozey,2025#23
Good Time,Niko Moon,2021#84
Goodbyes,Post Malone Featuring Young Thug,2019#30
Goosebumps,Travis Scott,2017#68
Got What I Got,Jason Aldean,2020#60
Greedy,Tate McRae,2024#13
Gucci Gang,Lil Pump,2018#44
Gummo,6ix9ine,2018#56
H.O.L.Y.,Florida Georgia Line,2016#49
Handle On You,Parker McCollum,2023#85
Hands To Myself,Selena Gomez,2016#56
Happen To Me,Russell Dickerson,2025#69
Happier,Marshmello & Bastille,2018#80/2019#6
Happier Than Ever,Billie Eilish,2021#94
Hard Fought Hallelujah,Brandon Lake X Jelly Roll,2025#84
Hard To Forget,Sam Hunt,2020#69
Havana,Camila Cabello Featuring Young Thug,2017#96/2018#4
Heart Like A Truck,Lainey Wilson,2023#58
Heart Of A Woman,Summer Walker,2025#94
Heart On Ice,Rod Wave,2020#51
Heartbreak Anniversary,Giveon,2021#31
Heartless,The Weeknd,2020#28
Heat Waves,Glass Animals,2021#16/2022#1
Heathens,twenty one pilots,2016#21/2017#58
Heaven,Kane Brown,2018#53
Hell Of A View,Eric Church,2021#91
Hello,Adele,2016#7
Here,Alessia Cara,2016#39
"Hey Look Ma, I Made It",Panic! At The Disco,2019#61
Hide Away,Daya,2016#84
High Fashion,Roddy Ricch Featuring Mustard,2020#40
High Hopes,Panic! At The Disco,2019#11
High Road,Koe Wetzel & Jessie Murph,2024#81/2025#55
HIGHEST IN THE ROOM,Travis Scott,2020#45
Him & I,G-Eazy & Halsey,2018#45
Holy,Justin Bieber Featuring Chance The Rapper,2021#35
Homesick,Kane Brown,2020#89
Hot,Young Thug Featuring Gunna,2020#72
Hot Girl Bummer,blackbear,2020#26
Hot Girl Summer,"Megan Thee Stallion, Nicki Minaj & Ty Dolla $ign",2019#93
Hot To Go!,Chappell Roan,2024#53
Hotline Bling,Drake,2016#24
Houdini,Dua Lipa,2024#43
Houdini,Eminem,2024#39
House Again,Hudson Westbrook,2025#95
How Do You Sleep?,Sam Smith,2019#83
How It's Done,"HUNTR/X: EJAE, Audrey Nuna & REI AMI",2025#68
How Long,Charlie Puth,2018#65
Hrs And Hrs,Muni Long,2022#57
Humble And Kind,Tim McGraw,2016#96
Humble.,Kendrick Lamar,2017#4
Hurricane,Luke Combs,2017#76
Hymn For The Weekend,Coldplay,2016#73
I Ain't Coming Back,Morgan Wallen Featuring Post Malone,2025#72
I Ain't Worried,OneRepublic,2022#37
I Am Not Okay,Jelly Roll,2024#75/2025#79
I Can Do It With A Broken Heart,Taylor Swift,2024#35
I Don't Care,Ed Sheeran & Justin Bieber,2019#16
I Don't Wanna Live Forever (Fifty Shades Darker),Zayn / Taylor Swift,2017#26
I Fall Apart,Post Malone,2018#39
I Feel It Coming,The Weeknd Featuring Daft Punk,2017#34
I Get The Bag,Gucci Mane Featuring Migos,2017#93/2018#72
I Got Better,Morgan Wallen,2025#40
I Had Some Help,Post Malone Featuring Morgan Wallen,2024#4/2025#8
I Hate U,SZA,2022#50
I Hate U I Love U,gnash Featuring Olivia O'Brien,2016#38
I Hope,Gabby Barrett Featuring Charlie Puth,2020#12/2021#40
I Hope You're Happy Now,Carly Pearce & Lee Brice,2020#73
I Know What You Did Last Summer,Shawn Mendes & Camila Cabello,2016#86
I Like It,"Cardi B, Bad Bunny & J Balvin",2018#7/2019#69
I Like Me Better,Lauv,2018#35
I Like The Way You Kiss Me,Artemas,2024#63
I Like You (A Happier Song),Post Malone Featuring Doja Cat,2022#26/2023#75
I Never Lie,Zach Top,2025#43
I Remember Everything,Zach Bryan Featuring Kacey Musgraves,2023#74/2024#9
I Took A Pill In Ibiza,Mike Posner,2016#15
I Wrote The Book,Morgan Wallen,2023#95
I'm Gonna Love You,Cody Johnson & Carrie Underwood,2025#78
I'm Good (Blue),David Guetta & Bebe Rexha,2023#10
I'm The One,"DJ Khaled Featuring Justin Bieber, Quavo, Chance The Rapper & Lil Wayne",2017#12
I'm The Problem,Morgan Wallen,2025#13
I'm Upset,Drake,2018#86
IDGAF,Drake Featuring Yeat,2024#83
IDGAF,Dua Lipa,2018#98
If I Can't Have You,Shawn Mendes,2019#29
If I Didn't Love You,Jason Aldean & Carrie Underwood,2021#85
If The World Was Ending,JP Saxe Featuring Julia Michaels,2020#56
ily,surf mesa Featuring Emilee,2020#95
In A Minute,Lil Baby,2022#43
In Case You Didn't Know,Brett Young,2017#57
In My Blood,Shawn Mendes,2018#46
In My Feelings,Drake,2018#9
In The Night,The Weeknd,2016#61
Indigo,Sam Barber Featuring Avery Anna,2025#49
Industry Baby,Lil Nas X & Jack Harlow,2021#24/2022#16
Intentions,Justin Bieber Featuring Quavo,2020#17
Into You,Ariana Grande,2016#51
Is It Over Now? (Taylor's Version) [From The Vault],Taylor Swift,2024#33
iSpy,KYLE Featuring Lil Yachty,2017#28
Issues,Julia Michaels,2017#29
It Ain't Me,Kygo x Selena Gomez,2017#27
Jimmy Cooks,Drake Featuring 21 Savage,2022#33
Jingle Bell Rock,Bobby Helms,2022#86/2023#68/2024#68/2025#81
Juicy,Doja Cat & Tyga,2020#87
Juju On That Beat (TZ Anthem),Zay Hilfigerrr & Zayion McCall,2017#63
Jumpman,Drake & Future,2016#37
Just In Case,Morgan Wallen,2025#18
Just Like Fire,P!nk,2016#33
Just The Way,Parmalee x Blanco Brown,2021#88
Just Wanna Rock,Lil Uzi Vert,2023#28
Karma,Taylor Swift Featuring Ice Spice,2023#27
Kill Bill,SZA,2023#3
King's Dead,"Jay Rock, Kendrick Lamar, Future & James Blake",2018#79
Kings & Queens,Ava Max,2021#73
Kiss Me More,Doja Cat Featuring SZA,2021#6/2022#90
Knife Talk,Drake Featuring 21 Savage & Project Pat,2021#86/2022#60
Knockin' Boots,Luke Bryan,2019#79
La Bebe,Yng Lvcas x Peso Pluma,2023#40
La Diabla,Xavi,2024#72
Last Christmas,Wham!,2023#84/2024#74/2025#65
Last Night,Morgan Wallen,2023#1/2024#28
Last Night Lonely,Jon Pardi,2022#95
Late At Night,Roddy Ricch,2021#72
Late Night Talking,Harry Styles,2022#25
Laugh Now Cry Later,Drake Featuring Lil Durk,2020#41/2021#45
Lavender Haze,Taylor Swift,2023#32
Lean On,Major Lazer & DJ Snake Featuring MO,2016#85
Leave Before You Love Me,Marshmello X Jonas Brothers,2021#63
Leave Me Alone,Flipp Dinero,2019#71
Leave The Door Open,Silk Sonic (Bruno Mars & Anderson .Paak),2021#7
Lemon,N*E*R*D & Rihanna,2018#83
Lemonade,Internet Money & Gunna Featuring Don Toliver & NAV,2021#51
Let It Go,James Bay,2016#44
Let Me Love You,DJ Snake Featuring Justin Bieber,2016#47/2017#46
Let You Down,NF,2018#29
Levitating,Dua Lipa,2021#1/2022#42
Liar,Jelly Roll,2025#86
Lies Lies Lies,Morgan Wallen,2024#50
Life Is Good,Future Featuring Drake,2020#7
Lift Me Up,Rihanna,2023#63
Lights Down Low,MAX Featuring gnash,2018#66
Like Him,"Tyler, The Creator Featuring Lola Young",2025#62
Like I Love Country Music,Kane Brown,2022#85
Like I'm Gonna Lose You,Meghan Trainor Featuring John Legend,2016#42
Like That,"Future, Metro Boomin & Kendrick Lamar",2024#14
Lil Bit,Nelly & Florida Georgia Line,2021#70
Lil Boo Thang,Paul Russell,2024#78
Location,Khalid,2017#21
Loco,Neton Vega,2025#100
Lonely,Justin Bieber & benny blanco,2021#65
Look Alive,BlocBoy JB Featuring Drake,2018#23
Look At Me!,XXXTentacion,2017#99
Look Back At It,A Boogie Wit da Hoodie,2019#41
Look What God Gave Her,Thomas Rhett,2019#85
Look What You Made Me Do,Taylor Swift,2017#39
Lose Control,Teddy Swims,2024#1/2025#4
Lose You To Love Me,Selena Gomez,2020#30
Lost Boy,Ruth B,2016#76
Love Galore,SZA Featuring Travis Scott,2017#80
Love Lies,Khalid & Normani,2018#19/2019#88
Love Me Not,Ravyn Lenae,2025#30
Love Nwantiti (Ah Ah Ah),CKay,2022#55
Love On The Brain,Rihanna,2017#33
Love Somebody,Morgan Wallen,2025#11
Love You Anyway,Luke Combs,2023#36
Love Yourself,Justin Bieber,2016#1
Love.,Kendrick Lamar Featuring Zacari,2018#50
Lovin On Me,Jack Harlow,2024#5
Lovin' On You,Luke Combs,2020#97
Low Life,Future Featuring The Weeknd,2016#30
Loyalty.,Kendrick Lamar Featuring Rihanna,2017#66
Lucid Dreams,Juice WRLD,2018#12/2019#48
Lunch,Billie Eilish,2024#48
Luther,Kendrick Lamar & SZA,2025#2
Luv,Tory Lanez,2016#70
Made For Me,Muni Long,2024#56
Made You Look,Meghan Trainor,2023#53
Magnolia,Playboi Carti,2017#79
Malibu,Miley Cyrus,2017#89
MAMIII,Becky G X Karol G,2022#59
Manchild,Sabrina Carpenter,2025#38
Marry Me,Thomas Rhett,2018#76
Mask Off,Future,2017#14
Me Porto Bonito,Bad Bunny & Chencho Corleone,2022#20
Me Too,Meghan Trainor,2016#62
ME!,Taylor Swift Featuring Brendon Urie,2019#43
"Me, Myself & I",G-Eazy x Bebe Rexha,2016#19
Meant To Be,Bebe Rexha & Florida Georgia Line,2018#3
Meet Me At Our Spot,THE ANXIETY: WILLOW & Tyler Cole,2022#74
Meltdown,Travis Scott Featuring Drake,2023#97
Memories,Maroon 5,2020#8
Memory Lane,Old Dominion,2023#87
Mercy,Brett Young,2018#95
Mercy,Shawn Mendes,2017#54
Messy,Lola Young,2025#28
Mi Gente,J Balvin & Willy William Featuring Beyonce,2017#50/2018#99
MIA,Bad Bunny Featuring Drake,2019#44
Middle,DJ Snake Featuring Bipolar Sunshine,2016#80
Middle Child,J. Cole,2019#25
Miles On It,Marshmello & Kane Brown,2024#34
Million Dollar Baby,Tommy Richman,2024#8
Mine,Bazzi,2018#21
Mo Bamba,Sheck Wes,2019#49
Monaco,Bad Bunny,2024#82
Money,Cardi B,2019#38
Money In The Grave,Drake Featuring Rick Ross,2019#34
Montero (Call Me By Your Name),Lil Nas X,2021#9
Mood,24kGoldn Featuring iann dior,2020#47/2021#4
Mood Swings,Pop Smoke Featuring Lil Tjay,2020#81
Moonlight,XXXTENTACION,2018#88
More Than My Hometown,Morgan Wallen,2020#96
Moscow Mule,Bad Bunny,2022#44
MotorSport,"Migos, Nicki Minaj & Cardi B",2018#34
Murder On My Mind,YNW Melly,2019#66
Mutt,Leon Thomas,2025#22
My Ex's Best Friend,Machine Gun Kelly X blackbear,2021#23
My House,Flo Rida,2016#14
My Oh My,Camila Cabello Featuring DaBaby,2020#37
My Type,Saweetie,2019#76
Mystical Magical,Benson Boone,2025#47
Natural,Imagine Dragons,2018#69
Need A Favor,Jelly Roll,2023#34/2024#64
Need To Know,Doja Cat,2021#46/2022#18
Needed Me,Rihanna,2016#13
Never Be Like You,Flume Featuring Kai,2016#60
Never Be The Same,Camila Cabello,2018#18
Never Forget You,Zara Larsson & MNEK,2016#46
Never Lose Me,Flo Milli,2024#49
Never Say Never,Cole Swindell / Lainey Wilson,2022#92
New Rules,Dua Lipa,2018#16
Next Thing You Know,Jordan Davis,2023#47
Nice For What,Drake,2018#11
No,Meghan Trainor,2016#45
No Brainer,"DJ Khaled Featuring Justin Bieber, Chance The Rapper & Quavo",2018#73
No Guidance,Chris Brown Featuring Drake,2019#21/2020#36
No Limit,G-Eazy Featuring A$AP Rocky & Cardi B,2018#30
No Limit,Usher Featuring Young Thug,2016#90
No More Parties,Coi Leray Featuring Lil Durk,2021#79
No One Noticed,The Marias,2025#32
No Pole,Don Toliver,2025#97
No Promises,Cheat Codes Featuring Demi Lovato,2017#91
No Tears Left To Cry,Ariana Grande,2018#20
Nobody But You,Blake Shelton Duet With Gwen Stefani,2020#52
Nobody Gets Me,SZA,2023#77
Nokia,Drake,2025#24
Nonstop,Drake,2018#52
Not Like Us,Kendrick Lamar,2024#6/2025#17
Now Or Never,Halsey,2017#59
Nuevayol,Bad Bunny,2025#89
Numb Little Bug,Em Beihold,2022#32
Oh My God,Adele,2022#72
Ojitos Lindos,Bad Bunny & Bomba Estereo,2022#87
Old Town Road,Lil Nas X Featuring Billy Ray Cyrus,2019#1
On Me,Lil Baby,2021#36
On My Mama,Victoria Monet,2024#91
On My Mind,Ellie Goulding,2016#81
One Call Away,Charlie Puth,2016#43
One Dance,Drake Featuring WizKid & Kyla,2016#3
One Kiss,Calvin Harris & Dua Lipa,2018#68
One Man Band,Old Dominion,2020#59
One Margarita,Luke Bryan,2020#70
One Mississippi,Kane Brown,2022#99
One Number Away,Luke Combs,2018#96
One Of Them Girls,Lee Brice,2020#68
One Right Now,Post Malone & The Weeknd,2022#30
One Thing At A Time,Morgan Wallen,2023#37
One Thing Right,Marshmello & Kane Brown,2019#89
One Too Many,Keith Urban Duet With P!nk,2021#81
Only Human,Jonas Brothers,2019#78/2020#77
Ordinary,Alex Warren,2025#7
Oui,Jeremih,2016#55
Outside Today,YoungBoy Never Broke Again,2018#91
P*$$y Fairy (OTW),Jhene Aiko,2020#94
Paint The Town Red,Doja Cat,2023#52/2024#21
Panda,Desiigner,2016#6
Panini,Lil Nas X,2019#40/2020#71
Paris,The Chainsmokers,2017#42
Party,Bad Bunny & Rauw Alejandro,2022#77
Party Girl,StaySolidRocky,2020#64
Passionfruit,Drake,2017#65
Peaches,Justin Bieber Featuring Daniel Caesar & Giveon,2021#10
Peaches & Eggplants,Young Nudy Featuring 21 Savage,2023#94
Peekaboo,Kendrick Lamar Featuring AzChike,2025#53
Perfect,Ed Sheeran,2018#2
Perfect,One Direction,2016#100
Pillowtalk,Zayn,2016#22
Pink Pony Club,Chappell Roan,2025#10
Pink Skies,Zach Bryan,2024#30
Plain Jane,A$AP Ferg Featuring Nicki Minaj,2018#74
Players,Coi Leray,2023#33
Please Me,Cardi B & Bruno Mars,2019#37
Please Please Please,Sabrina Carpenter,2024#16/2025#50
Plug Walk,Rich The Kid,2018#57
Pop Out,Polo G Featuring Lil Tjay,2019#45
Pop Style,Drake Featuring The Throne,2016#82
Popstar,DJ Khaled Featuring Drake,2020#66
Por Las Noches,Peso Pluma,2023#86
Positions,Ariana Grande,2021#14
Pour Me A Drink,Post Malone Featuring Blake Shelton,2024#76
pov,Ariana Grande,2021#87
Powerglide,Rae Sremmurd & Juicy J,2018#97
Pray For Me,The Weeknd & Kendrick Lamar,2018#40
Praying,Kesha,2017#67
PRC,Peso Pluma X Natanael Cano,2023#90
Pretty Little Poison,Warren Zeiders,2024#60
Princess Diana,Ice Spice & Nicki Minaj,2023#69
Provenza,Karol G,2022#63
Psycho,Post Malone Featuring Ty Dolla $ign,2018#6
Puffin On Zootiez,Future,2022#84
Pure Water,Mustard & Migos,2019#55
Pushin P,Gunna & Future Featuring Young Thug,2022#48
Put It On Da Floor Again,Latto Featuring Cardi B,2023#98
Put Your Records On,Ritt Momney,2021#93
Rags2Riches,Rod Wave Featuring ATR Son Son,2020#90
Rain On Me,Lady Gaga & Ariana Grande,2020#48
Rake It Up,Yo Gotti Featuring Nicki Minaj,2017#53
Ran$om,Lil Tecca,2019#28
Rapstar,Polo G,2021#30
Rather Lie,Playboi Carti & The Weeknd,2025#91
Really Really,Kevin Gates,2016#92
Redbone,Childish Gambino,2017#25
Redrum,21 Savage,2024#42
Religiously,Bailey Zimmerman,2023#42
Residuals,Chris Brown,2025#63
Revolving Door,Tate McRae,2025#82
Ric Flair Drip,Offset & Metro Boomin,2018#38
Rich Baby Daddy,Drake Featuring Sexyy Red & SZA,2024#45
Rich Flex,Drake & 21 Savage,2023#14
Rich Men North Of Richmond,Oliver Anthony Music,2023#78
Ride,twenty one pilots,2016#20
RITMO (Bad Boys For Life),Black Eyed Peas X J Balvin,2020#50
Robbery,Juice WRLD,2019#100
Rock And A Hard Place,Bailey Zimmerman,2022#70/2023#16
Rockabye,Clean Bandit Featuring Sean Paul & Anne-Marie,2017#44
Rockin' Around The Christmas Tree,Brenda Lee,2021#92/2022#80/2023#60/2024#59/2025#67
Rockstar,DaBaby Featuring Roddy Ricch,2020#5
Rockstar,Post Malone Featuring 21 Savage,2017#56/2018#5
Rolex,Ayo & Teo,2017#61
Roses,SAINt JHN,2020#19
Roses,The Chainsmokers Featuring Rozes,2016#27
Roxanne,Arizona Zervas,2020#16
Rumor,Lee Brice,2019#81
Running Up That Hill (A Deal With God),Kate Bush,2022#23
Sad!,XXXTENTACION,2018#17
Said Sum,Moneybagg Yo,2020#98
Sailor Song,Gigi Perez,2025#36
Same Old Love,Selena Gomez,2016#40
Sand In My Boots,Morgan Wallen,2022#58
Saturn,SZA,2024#19
Savage,Megan Thee Stallion,2020#15
Savage Love (Laxed - Siren Beat),Jawsh 685 x Jason Derulo,2020#35
Save Me,Jelly Roll With Lainey Wilson,2024#65
Save Your Tears,The Weeknd & Ariana Grande,2021#2/2022#40
Say It,Tory Lanez,2016#74
Say So,Doja Cat,2020#11
Say Something,Justin Timberlake Featuring Chris Stapleton,2018#85
Say You Won't Let Go,James Arthur,2017#11
Scars To Your Beautiful,Alessia Cara,2017#30
Search & Rescue,Drake,2023#45
See You Again,Wiz Khalifa Featuring Charlie Puth,2016#99
Send My Love (To Your New Lover),Adele,2016#26
Senorita,Shawn Mendes & Camila Cabello,2019#15/2020#44
Seven,Jung Kook Featuring Latto,2023#82
Shallow,Lady Gaga & Bradley Cooper,2019#19
Shape Of You,Ed Sheeran,2017#1/2018#71
She Had Me At Heads Carolina,Cole Swindell,2022#46
She Likes It,Russell Dickerson & Jake Scott,2022#91
She's All I Wanna Be,Tate McRae,2022#94
Shirt,SZA,2023#51
Shivers,Ed Sheeran,2022#5
Shotta Flow,NLE Choppa,2019#92
Sicko Mode,Travis Scott,2018#42/2019#9
Side To Side,Ariana Grande Featuring Nicki Minaj,2016#77/2017#43
Sign Of The Times,Harry Styles,2017#87
Simple,Florida Georgia Line,2018#82
Single Saturday Night,Cole Swindell,2021#95
"Sit Still, Look Pretty",Daya,2016#78
Sky Walker,Miguel Featuring Travis Scott,2018#75
Slide,Calvin Harris Featuring Frank Ocean & Migos,2017#71
Slide,H.E.R. Featuring YG,2020#99
Slippery,Migos Featuring Gucci Mane,2017#86
Slow Hands,Niall Horan,2017#32
Slow It Down,Benson Boone,2024#41
Small Town Boy,Dustin Lynch,2017#94
Smile,Morgan Wallen,2025#64
Smokin Out The Window,Silk Sonic (Bruno Mars & Anderson .Paak),2022#41
Snooze,SZA,2023#9/2024#20
Soda Pop,"Saja Boys: Andrew Choi, Neckwav, Danny Chung, Kevin Woo & samUIL Lee",2025#61
Somebody Loves Me,"PARTYNEXTDOOR, Drake & Cash Cobain",2025#85
Someone You Loved,Lewis Capaldi,2019#27/2020#10
Something In The Orange,Zach Bryan,2022#39/2023#13
Something Just Like This,The Chainsmokers & Coldplay,2017#5
Sorry,Beyonce,2016#71
Sorry,Justin Bieber,2016#2
Sorry I'm Here For Someone Else,Benson Boone,2025#37
Sorry Not Sorry,Demi Lovato,2017#47/2018#64
Speechless,Dan + Shay,2019#35
Spin Bout U,Drake & 21 Savage,2023#43
Sports Car,Tate McRae,2025#46
Squabble Up,Kendrick Lamar,2025#20
Starboy,The Weeknd Featuring Daft Punk,2016#58/2017#20
Stargazing,Myles Smith,2024#73/2025#29
Starting Over,Chris Stapleton,2021#53
Starving,Hailee Steinfeld & Grey Featuring Zedd,2016#94/2017#82
Stay,The Kid LAROI & Justin Bieber,2021#12/2022#3
Stay,Zedd & Alessia Cara,2017#17
Stick Season,Noah Kahan,2024#11
Sticky,"Tyler, The Creator Featuring GloRilla, Sexyy Red & Lil Wayne",2025#41
Stir Fry,Migos,2018#48
Stitches,Shawn Mendes,2016#23
Streets,Doja Cat,2021#67
Stressed Out,twenty one pilots,2016#5
Strip That Down,Liam Payne Featuring Quavo,2017#36
Stuck With U,Ariana Grande & Justin Bieber,2020#80
Sucker,Jonas Brothers,2019#10
Sucker For Pain,"Lil Wayne, Wiz Khalifa & Imagine Dragons With Logic & Ty Dolla $ign Feat. X Ambassadors",2016#68
Suge,DaBaby,2019#24
Suicidal,YNW Melly & Juice WRLD,2020#75
Sum 2 Prove,Lil Baby,2020#79
Sunday Best,Surfaces,2020#61
Sunflower (Spider-Man: Into The Spider-Verse),Post Malone & Swae Lee,2019#2
Sunroof,Nicky Youre & dazy,2022#29
Supalonely,BENEE Featuring Gus Dapperton,2020#84
Super Freaky Girl,Nicki Minaj,2022#56/2023#79
Super Gremlin,Kodak Black,2022#9
Superhero (Heroes & Villains),"Metro Boomin, Future & Chris Brown",2023#38
Superman,Morgan Wallen,2025#99
Sure Thing,Miguel,2023#24
Surface Pressure,Jessica Darrow,2022#53
Swalla,Jason Derulo Featuring Nicki Minaj & Ty Dolla $ign,2017#85
Swang,Rae Sremmurd,2017#64
Sweet But Psycho,Ava Max,2019#23
Sweetest Pie,Megan Thee Stallion & Dua Lipa,2022#62
Swervin,A Boogie Wit da Hoodie Featuring 6ix9ine,2019#82
T-Shirt,Migos,2017#52
Take My Breath,The Weeknd,2021#89
Take My Name,Parmalee,2022#82
Takedown,"HUNTR/X: EJAE, Audrey Nuna & REI AMI",2025#93
Taki Taki,"DJ Snake Featuring Selena Gomez, Ozuna & Cardi B",2019#57
Talk,Khalid,2019#8
Talk You Out Of It,Florida Georgia Line,2019#94
Taste,Sabrina Carpenter,2024#86/2025#19
Taste,Tyga Featuring Offset,2018#28
Te Bote,"Casper Magico, Nio Garcia, Darell, Nicky Jam, Ozuna & Bad Bunny",2018#81
Telepatia,Kali Uchis,2021#49
Tennessee Orange,Megan Moroney,2023#67
Tequila,Dan + Shay,2018#32/2019#91
Texas Hold 'Em,Beyonce,2024#32
Thank God,Kane Brown With Katelyn Brown,2023#23
"Thank U, Next",Ariana Grande,2019#12
That's So True,Gracie Abrams,2025#14
That's What I Like,Bruno Mars,2017#3
Thats What I Want,Lil Nas X,2022#14
The Bigger Picture,Lil Baby,2020#76
The Bones,Maren Morris,2020#9
The Box,Roddy Ricch,2020#3
The Fighter,Keith Urban Featuring Carrie Underwood,2017#100
The Git Up,Blanco Brown,2019#56
The Good Ones,Gabby Barrett,2021#62
The Hills,The Weeknd,2016#32
The Kind Of Love We Make,Luke Combs,2022#36
The London,"Young Thug, J. Cole & Travis Scott",2019#64
The Middle,"Zedd, Maren Morris & Grey",2018#8
The Painter,Cody Johnson,2024#98
The Scotts,"THE SCOTTS, Travis Scott & Kid Cudi",2020#86
The Woo,Pop Smoke Featuring 50 Cent & Roddy Ricch,2020#78
There's Nothing Holdin' Me Back,Shawn Mendes,2017#23
Therefore I Am,Billie Eilish,2021#25
Things A Man Oughta Know,Lainey Wilson,2021#96
Thinkin' Bout Me,Morgan Wallen,2023#19/2024#31
This Is America,Childish Gambino,2018#51
This Is What You Came For,Calvin Harris Featuring Rihanna,2016#17
Thot Shit,Megan Thee Stallion,2021#71
Thotiana,Blueface,2019#47
Thought You Should Know,Morgan Wallen,2023#22
Throat Baby (Go Baby),BRS Kash,2021#97
Thunder,Imagine Dragons,2017#51/2018#22
Tiimmy Turner,Desiigner,2016#98
Time Today,Moneybagg Yo,2021#76
Timeless,The Weeknd & Playboi Carti,2025#16
Titi Me Pregunto,Bad Bunny,2022#22
To The Moon!,JNR CHOI & Sam Tompkins,2022#97
Todo de Ti,Rauw Alejandro,2021#100
Tombstone,Rod Wave,2021#98
Tomorrow 2,GloRilla & Cardi B,2023#70
Too Good,Drake Featuring Rihanna,2016#29
Too Good At Goodbyes,Sam Smith,2017#77/2018#49
Too Sweet,Hozier,2024#10/2025#34
Toosie Slide,Drake,2020#32
TQG,Karol G x Shakira,2023#65
Track Star,Mooski,2021#75
Traitor,Olivia Rodrigo,2021#38
Trampoline,SHAED,2019#70/2020#53
Treat You Better,Shawn Mendes,2016#28/2017#92
Trip,Ella Mai,2018#92/2019#80
Trouble With A Heartbreak,Jason Aldean,2022#88
Truck Bed,HARDY,2024#67
Truth Hurts,Lizzo,2019#13/2020#55
Try That In A Small Town,Jason Aldean,2023#66
Tu Boda,Oscar Maydon & Fuerza Regida,2025#87
Tunnel Vision,Kodak Black,2017#55
TV Off,Kendrick Lamar Featuring Lefty Gunplay,2025#15
Type Shit,"Future, Metro Boomin, Travis Scott & Playboi Carti",2024#51
Un x100to,Grupo Frontera X Bad Bunny,2023#49
Under The Influence,Chris Brown,2023#17
Undressed,sombr,2025#42
Unforgettable,French Montana Featuring Swae Lee,2017#15
Unholy,Sam Smith & Kim Petras,2022#98/2023#11
Unsteady,X Ambassadors,2016#67
Until I Found You,Stephen Sanchez,2023#50
Up,Cardi B,2021#26
Vampire,Olivia Rodrigo,2023#30/2024#57
Vegas,Doja Cat,2022#47
Wait,Maroon 5,2018#58
Wait For U,Future Featuring Drake & Tems,2022#11/2023#83
Wait In The Truck,HARDY Featuring Lainey Wilson,2023#54
Wake Up In The Sky,Gucci Mane X Bruno Mars X Kodak Black,2019#51
Walk Em Down,NLE Choppa Featuring Roddy Ricch,2020#100
Walk It Talk It,Migos Featuring Drake,2018#43
Walk Me Home,P!nk,2019#99
Wanna Be,GloRilla & Megan Thee Stallion,2024#40
Wants And Needs,Drake Featuring Lil Baby,2021#47
WAP,Cardi B Featuring Megan Thee Stallion,2020#24
Wasted On You,Morgan Wallen,2022#19
Watch Me,Silento,2016#88
Water,Tyla,2024#24
Water Under The Bridge,Adele,2017#88
Watermelon Moonshine,Lainey Wilson,2023#100
Watermelon Sugar,Harry Styles,2020#20
Way 2 Sexy,Drake Featuring Future & Young Thug,2021#48
We Can't Be Friends (Wait For Your Love),Ariana Grande,2024#26
We Don't Talk About Bruno,"Carolina Gaitan, Mauro Castillo, Adassa, Rhenzy Feliz, Diane Guerrero, Stephanie Beatriz & Encanto Cast",2022#24
We Don't Talk Anymore,Charlie Puth Featuring Selena Gomez,2016#50
We Paid,Lil Baby & 42 Dugg,2020#57
We're Good,Dua Lipa,2021#90
Weren't For The Wind,Ella Langley,2025#71
What About Us,P!nk,2017#84
What Do You Mean?,Justin Bieber,2016#31
What Happened To Virgil,Lil Durk Featuring Gunna,2022#83
What I Want,Morgan Wallen Featuring Tate McRae,2025#27
What Ifs,Kane Brown Featuring Lauren Alaina,2017#72
What It Is (Block Boy),Doechii Featuring Kodak Black,2023#76
What It Sounds Like,"HUNTR/X: EJAE, Audrey Nuna & REI AMI",2025#83
What Lovers Do,Maroon 5 Featuring SZA,2017#97/2018#89
What My World Spins Around,Jordan Davis,2023#91
What Was I Made For?,Billie Eilish,2023#81/2024#46
What You Know Bout Love,Pop Smoke,2021#22
What's Next,Drake,2021#68
What's Your Country Song,Thomas Rhett,2021#80
Whatchu Kno About Me,GloRilla & Sexyy Red,2025#48
Whatever It Takes,Imagine Dragons,2018#37
Whatever She Wants,Bryson Tiller,2024#58
Whats Poppin,"Jack Harlow Featuring DaBaby, Tory Lanez & Lil Wayne",2020#13
When The Party's Over,Billie Eilish,2019#67
When We Were Young,Adele,2016#83
Where It Ends,Bailey Zimmerman,2024#87
Where She Goes,Bad Bunny,2023#72
Where The Wild Things Are,Luke Combs,2024#70
Whiskey Glasses,Morgan Wallen,2019#52
White Horse,Chris Stapleton,2024#77
White Iverson,Post Malone,2016#65
Who,Jimin,2025#57
Whoopty,CJ,2021#50
Wicked,Future,2016#97
Wild As Her,Corey Kent,2023#93
Wild Ones,Jessie Murph & Jelly Roll,2024#36
Wild Thoughts,DJ Khaled Featuring Rihanna & Bryson Tiller,2017#18
Wildest Dreams,Taylor Swift,2016#79
Wildflower,Billie Eilish,2024#89/2025#26
Willow,Taylor Swift,2021#55
Wind Up Missin' You,Tucker Wetmore,2024#95
Wishing Well,Juice WRLD,2020#92
Without Me,Halsey,2019#3
Without You,The Kid LAROI,2021#17
Woah,Lil Baby,2020#42
Wockesha,Moneybagg Yo,2021#42
Wolves,Selena Gomez X Marshmello,2018#60
Woman,Doja Cat,2022#21
Work,Rihanna Featuring Drake,2016#4
Work From Home,Fifth Harmony Featuring Ty Dolla $ign,2016#16
World On Fire,Nate Smith,2024#90
Worst Way,Riley Green,2025#35
Worth It,YK Osiris,2019#77
Wow.,Post Malone,2019#5
X,Nicky Jam x J Balvin,2018#90
XO TOUR Llif3,Lil Uzi Vert,2017#13
Yeah Glo!,GloRilla,2024#44
Yes Indeed,Lil Baby & Drake,2018#25
"Yes, And?",Ariana Grande,2024#92
Yonaguni,Bad Bunny,2021#83
You Broke Me First.,Tate McRae,2021#37
You Make It Easy,Jason Aldean,2018#70
You Need To Calm Down,Taylor Swift,2019#39
You Proof,Morgan Wallen,2022#27/2023#12
You Right,Doja Cat & The Weeknd,2021#43/2022#45
You Say,Lauren Daigle,2019#60
You Should Be Sad,Halsey,2020#82
You Should Probably Leave,Chris Stapleton,2022#79
You're Mines Still,Yung Bleu Featuring Drake,2021#58
Young Dumb & Broke,Khalid,2017#78/2018#67
Youngblood,5 Seconds Of Summer,2018#36/2019#33
Your Idol,"Saja Boys: Andrew Choi, Neckwav, Danny Chung, Kevin Woo & samUIL Lee",2025#54
Yummy,Justin Bieber,2020#58
ZEZE,Kodak Black Featuring Travis Scott & Offset,2019#31
