song_id,source,method,acquired_at,note
192,lyrics.ovh,pilot-import,2026-08-04,fetched by the pilot study before 2026-04
193,lyrics.ovh,pilot-import,2026-08-04,fetched by the pilot study before 2026-04
194,lyrics.ovh,pilot-import,2026-08-04,fetched by the pilot study before 2026-04
187,lyrics.ovh,pilot-import,2026-08-04,fetched by the pilot study before 2026-04
151,lyrics.ovh,pilot-import,2026-08-04,fetched by the pilot study before 2026-04
195,lyrics.ovh,pilot-import,2026-08-04,fetched by the pilot study before 2026-04
196,lyrics.ovh,pilot-import,2026-08-04,fetched by the pilot study before 2026-04
197,lyrics.ovh,pilot-import,2026-08-04,fetched by the pilot study before 2026-04
198,lyrics.ovh,pilot-import,2026-08-04,fetched by the pilot study before 2026-04
199,lyrics.ovh,pilot-import,2026-08-04,fetched by the pilot study before 2026-04
200,lyrics.ovh,pilot-import,2026-08-04,fetched by the pilot study before 2026-04
201,lyrics.ovh,pilot-import,2026-08-04,fetched by the pilot study before 2026-04
202,lyrics.ovh,pilot-import,2026-08-04,fetched by the pilot study before 2026-04
203,lyrics.ovh,pilot-import,2026-08-04,fetched by the pilot study before 2026-04
204,lyrics.ovh,pilot-import,2026-08-04,fetched by the pilot study before 2026-04
205,lyrics.ovh,pilot-import,2026-08-04,fetched by the pilot study before 2026-04
206,lyrics.ovh,pilot-import,2026-08-04,fetched by the pilot study before 2026-04
207,lyrics.ovh,pilot-import,2026-08-04,fetched by the pilot study before 2026-04
208,lyrics.ovh,pilot-import,2026-08-04,fetched by the pilot study before 2026-04
209,lyrics.ovh,pilot-import,2026-08-04,fetched by the pilot study before 2026-04
146,lyrics.ovh,pilot-import,2026-08-04,fetched by the pilot study before 2026-04
212,lyrics.ovh,pilot-import,2026-08-04,fetched by the pilot study before 2026-04
214,lyrics.ovh,pilot-import,2026-08-04,fetched by the pilot study before 2026-04
215,lyrics.ovh,pilot-import,2026-08-04,fetched by the pilot study before 2026-04
224,lyrics.ovh,pilot-import,2026-08-04,fetched by the pilot study before 2026-04
228,lyrics.ovh,pilot-import,2026-08-04,fetched by the pilot study before 2026-04
245,lrclib,pilot-import,2026-08-04,fetched by the pilot study before 2026-04
247,lyrics.ovh,pilot-import,2026-08-04,fetched by the pilot study before 2026-04
143,lyrics.ovh,pilot-import,2026-08-04,fetched by the pilot study before 2026-04
251,lyrics.ovh,pilot-import,2026-08-04,fetched by the pilot study before 2026-04
252,lyrics.ovh,pilot-import,2026-08-04,fetched by the pilot study before 2026-04
263,lyrics.ovh,pilot-import,2026-08-04,fetched by the pilot study before 2026-04
267,lyrics.ovh,pilot-import,2026-08-04,fetched by the pilot study before 2026-04
272,lyrics.ovh,pilot-import,2026-08-04,fetched by the pilot study before 2026-04
275,lyrics.ovh,pilot-import,2026-08-04,fetched by the pilot study before 2026-04
277,lyrics.ovh,pilot-import,2026-08-04,fetched by the pilot study before 2026-04
145,lyrics.ovh,pilot-import,2026-08-04,fetched by the pilot study before 2026-04
278,lyrics.ovh,pilot-import,2026-08-04,fetched by the pilot study before 2026-04
279,lyrics.ovh,pilot-import,2026-08-04,fetched by the pilot study before 2026-04
280,lyrics.ovh,pilot-import,2026-08-04,fetched by the pilot study before 2026-04
281,lyrics.ovh,pilot-import,2026-08-04,fetched by the pilot study before 2026-04
261,lyrics.ovh,pilot-import,2026-08-04,fetched by the pilot study before 2026-04
283,lyrics.ovh,pilot-import,2026-08-04,fetched by the pilot study before 2026-04
285,lyrics.ovh,pilot-import,2026-08-04,fetched by the pilot study before 2026-04
286,lyrics.ovh,pilot-import,2026-08-04,fetched by the pilot study before 2026-04
287,lyrics.ovh,pilot-import,2026-08-04,fetched by the pilot study before 2026-04
288,lyrics.ovh,pilot-import,2026-08-04,fetched by the pilot study before 2026-04
289,lyrics.ovh,pilot-import,2026-08-04,fetched by the pilot study before 2026-04
290,lyrics.ovh,pilot-import,2026-08-04,fetched by the pilot study before 2026-04
291,lyrics.ovh,pilot-import,2026-08-04,fetched by the pilot study before 2026-04
293,lyrics.ovh,pilot-import,2026-08-04,fetched by the pilot study before 2026-04
296,lyrics.ovh,pilot-import,2026-08-04,fetched by the pilot study before 2026-04
300,lyrics.ovh,pilot-import,2026-08-04,fetched by the pilot study before 2026-04
302,lyrics.ovh,pilot-import,2026-08-04,fetched by the pilot study before 2026-04
303,lyrics.ovh,pilot-import,2026-08-04,fetched by the pilot study before 2026-04
223,lyrics.ovh,pilot-import,2026-08-04,fetched by the pilot study before 2026-04
307,lyrics.ovh,pilot-import,2026-08-04,fetched by the pilot study before 2026-04
310,lyrics.ovh,pilot-import,2026-08-04,fetched by the pilot study before 2026-04
314,lyrics.ovh,pilot-import,2026-08-04,fetched by the pilot study before 2026-04
315,lyrics.ovh,pilot-import,2026-08-04,fetched by the pilot study before 2026-04
317,lyrics.ovh,pilot-import,2026-08-04,fetched by the pilot study before 2026-04
320,lyrics.ovh,pilot-import,2026-08-04,fetched by the pilot study before 2026-04
323,lyrics.ovh,pilot-import,2026-08-04,fetched by the pilot study before 2026-04
328,lrclib,pilot-import,2026-08-04,fetched by the pilot study before 2026-04
330,lyrics.ovh,pilot-import,2026-08-04,fetched by the pilot study before 2026-04
331,lyrics.ovh,pilot-import,2026-08-04,fetched by the pilot study before 2026-04
333,lyrics.ovh,pilot-import,2026-08-04,fetched by the pilot study before 2026-04
335,lyrics.ovh,pilot-import,2026-08-04,fetched by the pilot study before 2026-04
337,lyrics.ovh,pilot-import,2026-08-04,fetched by the pilot study before 2026-04
341,lyrics.ovh,pilot-import,2026-08-04,fetched by the pilot study before 2026-04
342,lyrics.ovh,pilot-import,2026-08-04,fetched by the pilot study before 2026-04
344,lyrics.ovh,pilot-import,2026-08-04,fetched by the pilot study before 2026-04
347,lyrics.ovh,pilot-import,2026-08-04,fetched by the pilot study before 2026-04
348,lyrics.ovh,pilot-import,2026-08-04,fetched by the pilot study before 2026-04
353,lyrics.ovh,pilot-import,2026-08-04,fetched by the pilot study before 2026-04
354,lyrics.ovh,pilot-import,2026-08-04,fetched by the pilot study before 2026-04
356,lyrics.ovh,pilot-import,2026-08-04,fetched by the pilot study before 2026-04
220,lyrics.ovh,pilot-import,2026-08-04,fetched by the pilot study before 2026-04
360,lyrics.ovh,pilot-import,2026-08-04,fetched by the pilot study before 2026-04
361,lyrics.ovh,pilot-import,2026-08-04,fetched by the pilot study before 2026-04
362,lyrics.ovh,pilot-import,2026-08-04,fetched by the pilot study before 2026-04
364,lyrics.ovh,pilot-import,2026-08-04,fetched by the pilot study before 2026-04
367,lyrics.ovh,pilot-import,2026-08-04,fetched by the pilot study before 2026-04
332,lyrics.ovh,pilot-import,2026-08-04,fetched by the pilot study before 2026-04
368,lyrics.ovh,pilot-import,2026-08-04,fetched by the pilot study before 2026-04
369,lyrics.ovh,pilot-import,2026-08-04,fetched by the pilot study before 2026-04
370,lyrics.ovh,pilot-import,2026-08-04,fetched by the pilot study before 2026-04
371,lyrics.ovh,pilot-import,2026-08-04,fetched by the pilot study before 2026-04
372,lyrics.ovh,pilot-import,2026-08-04,fetched by the pilot study before 2026-04
373,lyrics.ovh,pilot-import,2026-08-04,fetched by the pilot study before 2026-04
374,lyrics.ovh,pilot-import,2026-08-04,fetched by the pilot study before 2026-04
375,lyrics.ovh,pilot-import,2026-08-04,fetched by the pilot study before 2026-04
376,lyrics.ovh,pilot-import,2026-08-04,fetched by the pilot study before 2026-04
377,lyrics.ovh,pilot-import,2026-08-04,fetched by the pilot study before 2026-04
378,lyrics.ovh,pilot-import,2026-08-04,fetched by the pilot study before 2026-04
379,lyrics.ovh,pilot-import,2026-08-04,fetched by the pilot study before 2026-04
380,lyrics.ovh,pilot-import,2026-08-04,fetched by the pilot study before 2026-04
381,lyrics.ovh,pilot-import,2026-08-04,fetched by the pilot study before 2026-04
382,lyrics.ovh,pilot-import,2026-08-04,fetched by the pilot study before 2026-04
383,lyrics.ovh,pilot-import,2026-08-04,fetched by the pilot study before 2026-04
384,lyrics.ovh,pilot-import,2026-08-04,fetched by the pilot study before 2026-04
385,lyrics.ovh,pilot-import,2026-08-04,fetched by the pilot study before 2026-04
386,lyrics.ovh,pilot-import,2026-08-04,fetched by the pilot study before 2026-04
387,lrclib,pilot-import,2026-08-04,fetched by the pilot study before 2026-04
388,lyrics.ovh,pilot-import,2026-08-04,fetched by the pilot study before 2026-04
389,lyrics.ovh,pilot-import,2026-08-04,fetched by the pilot study before 2026-04
390,lyrics.ovh,pilot-import,2026-08-04,fetched by the pilot study before 2026-04
391,lyrics.ovh,pilot-import,2026-08-04,fetched by the pilot study before 2026-04
392,lyrics.ovh,pilot-import,2026-08-04,fetched by the pilot study before 2026-04
393,lyrics.ovh,pilot-import,2026-08-04,fetched by the pilot study before 2026-04
394,lyrics.ovh,pilot-import,2026-08-04,fetched by the pilot study before 2026-04
395,lyrics.ovh,pilot-import,2026-08-04,fetched by the pilot study before 2026-04
396,lyrics.ovh,pilot-import,2026-08-04,fetched by the pilot study before 2026-04
397,lyrics.ovh,pilot-import,2026-08-04,fetched by the pilot study before 2026-04
398,lyrics.ovh,pilot-import,2026-08-04,fetched by the pilot study before 2026-04
399,lrclib,pilot-import,2026-08-04,fetched by the pilot study before 2026-04
295,lyrics.ovh,pilot-import,2026-08-04,fetched by the pilot study before 2026-04
400,lyrics.ovh,pilot-import,2026-08-04,fetched by the pilot study before 2026-04
401,lyrics.ovh,pilot-import,2026-08-04,fetched by the pilot study before 2026-04
402,lyrics.ovh,pilot-import,2026-08-04,fetched by the pilot study before 2026-04
403,lyrics.ovh,pilot-import,2026-08-04,fetched by the pilot study before 2026-04
404,lyrics.ovh,pilot-import,2026-08-04,fetched by the pilot study before 2026-04
405,lyrics.ovh,pilot-import,2026-08-04,fetched by the pilot study before 2026-04
406,lyrics.ovh,pilot-import,2026-08-04,fetched by the pilot study before 2026-04
407,lyrics.ovh,pilot-import,2026-08-04,fetched by the pilot study before 2026-04
408,lyrics.ovh,pilot-import,2026-08-04,fetched by the pilot study before 2026-04
409,lyrics.ovh,pilot-import,2026-08-04,fetched by the pilot study before 2026-04
410,lyrics.ovh,pilot-import,2026-08-04,fetched by the pilot study before 2026-04
411,lrclib,pilot-import,2026-08-04,fetched by the pilot study before 2026-04
412,lyrics.ovh,pilot-import,2026-08-04,fetched by the pilot study before 2026-04
413,lrclib,pilot-import,2026-08-04,fetched by the pilot study before 2026-04
339,lyrics.ovh,pilot-import,2026-08-04,fetched by the pilot study before 2026-04
414,lyrics.ovh,pilot-import,2026-08-04,fetched by the pilot study before 2026-04
415,lyrics.ovh,pilot-import,2026-08-04,fetched by the pilot study before 2026-04
416,lyrics.ovh,pilot-import,2026-08-04,fetched by the pilot study before 2026-04
417,lyrics.ovh,pilot-import,2026-08-04,fetched by the pilot study before 2026-04
418,lyrics.ovh,pilot-import,2026-08-04,fetched by the pilot study before 2026-04
419,lyrics.ovh,pilot-import,2026-08-04,fetched by the pilot study before 2026-04
420,lyrics.ovh,pilot-import,2026-08-04,fetched by the pilot study before 2026-04
421,lyrics.ovh,pilot-import,2026-08-04,fetched by the pilot study before 2026-04
422,lyrics.ovh,pilot-import,2026-08-04,fetched by the pilot study before 2026-04
423,lyrics.ovh,pilot-import,2026-08-04,fetched by the pilot study before 2026-04
424,lrclib,pilot-import,2026-08-04,fetched by the pilot study before 2026-04
425,lyrics.ovh,pilot-import,2026-08-04,fetched by the pilot study before 2026-04
426,lyrics.ovh,pilot-import,2026-08-04,fetched by the pilot study before 2026-04
427,lyrics.ovh,pilot-import,2026-08-04,fetched by the pilot study before 2026-04
428,lyrics.ovh,pilot-import,2026-08-04,fetched by the pilot study before 2026-04
429,lyrics.ovh,pilot-import,2026-08-04,fetched by the pilot study before 2026-04
311,lyrics.ovh,pilot-import,2026-08-04,fetched by the pilot study before 2026-04
430,lyrics.ovh,pilot-import,2026-08-04,fetched by the pilot study before 2026-04
431,lyrics.ovh,pilot-import,2026-08-04,fetched by the pilot study before 2026-04
432,lyrics.ovh,pilot-import,2026-08-04,fetched by the pilot study before 2026-04
433,lyrics.ovh,pilot-import,2026-08-04,fetched by the pilot study before 2026-04
434,lyrics.ovh,pilot-import,2026-08-04,fetched by the pilot study before 2026-04
435,lyrics.ovh,pilot-import,2026-08-04,fetched by the pilot study before 2026-04
436,lyrics.ovh,pilot-import,2026-08-04,fetched by the pilot study before 2026-04
437,lyrics.ovh,pilot-import,2026-08-04,fetched by the pilot study before 2026-04
438,lyrics.ovh,pilot-import,2026-08-04,fetched by the pilot study before 2026-04
439,lyrics.ovh,pilot-import,2026-08-04,fetched by the pilot study before 2026-04
440,lyrics.ovh,pilot-import,2026-08-04,fetched by the pilot study before 2026-04
441,lyrics.ovh,pilot-import,2026-08-04,fetched by the pilot study before 2026-04
442,lyrics.ovh,pilot-import,2026-08-04,fetched by the pilot study before 2026-04
443,lyrics.ovh,pilot-import,2026-08-04,fetched by the pilot study before 2026-04
444,lyrics.ovh,pilot-import,2026-08-04,fetched by the pilot study before 2026-04
445,lyrics.ovh,pilot-import,2026-08-04,fetched by the pilot study before 2026-04
446,lyrics.ovh,pilot-import,2026-08-04,fetched by the pilot study before 2026-04
447,lyrics.ovh,pilot-import,2026-08-04,fetched by the pilot study before 2026-04
448,lyrics.ovh,pilot-import,2026-08-04,fetched by the pilot study before 2026-04
449,lyrics.ovh,pilot-import,2026-08-04,fetched by the pilot study before 2026-04
450,lyrics.ovh,pilot-import,2026-08-04,fetched by the pilot study before 2026-04
451,lrclib,pilot-import,2026-08-04,fetched by the pilot study before 2026-04
452,lyrics.ovh,pilot-import,2026-08-04,fetched by the pilot study before 2026-04
453,lyrics.ovh,pilot-import,2026-08-04,fetched by the pilot study before 2026-04
454,lyrics.ovh,pilot-import,2026-08-04,fetched by the pilot study before 2026-04
455,lyrics.ovh,pilot-import,2026-08-04,fetched by the pilot study before 2026-04
456,lyrics.ovh,pilot-import,2026-08-04,fetched by the pilot study before 2026-04
457,lyrics.ovh,pilot-import,2026-08-04,fetched by the pilot study before 2026-04
458,lyrics.ovh,pilot-import,2026-08-04,fetched by the pilot study before 2026-04
459,lyrics.ovh,pilot-import,2026-08-04,fetched by the pilot study before 2026-04
460,lyrics.ovh,pilot-import,2026-08-04,fetched by the pilot study before 2026-04
461,lyrics.ovh,pilot-import,2026-08-04,fetched by the pilot study before 2026-04
462,lrclib,pilot-import,2026-08-04,fetched by the pilot study before 2026-04
463,lyrics.ovh,pilot-import,2026-08-04,fetched by the pilot study before 2026-04
464,lrclib,pilot-import,2026-08-04,fetched by the pilot study before 2026-04
465,lyrics.ovh,pilot-import,2026-08-04,fetched by the pilot study before 2026-04
466,lyrics.ovh,pilot-import,2026-08-04,fetched by the pilot study before 2026-04
467,lyrics.ovh,pilot-import,2026-08-04,fetched by the pilot study before 2026-04
468,lyrics.ovh,pilot-import,2026-08-04,fetched by the pilot study before 2026-04
469,lyrics.ovh,pilot-import,2026-08-04,fetched by the pilot study before 2026-04
470,lyrics.ovh,pilot-import,2026-08-04,fetched by the pilot study before 2026-04
471,lyrics.ovh,pilot-import,2026-08-04,fetched by the pilot study before 2026-04
472,lyrics.ovh,pilot-import,2026-08-04,fetched by the pilot study before 2026-04
473,lyrics.ovh,pilot-import,2026-08-04,fetched by the pilot study before 2026-04
474,lyrics.ovh,pilot-import,2026-08-04,fetched by the pilot study before 2026-04
475,lyrics.ovh,pilot-import,2026-08-04,fetched by the pilot study before 2026-04
476,lyrics.ovh,pilot-import,2026-08-04,fetched by the pilot study before 2026-04
477,lrclib,pilot-import,2026-08-04,fetched by the pilot study before 2026-04
478,lyrics.ovh,pilot-import,2026-08-04,fetched by the pilot study before 2026-04
479,lyrics.ovh,pilot-import,2026-08-04,fetched by the pilot study before 2026-04
480,lyrics.ovh,pilot-import,2026-08-04,fetched by the pilot study before 2026-04
481,lyrics.ovh,pilot-import,2026-08-04,fetched by the pilot study before 2026-04
482,lyrics.ovh,pilot-import,2026-08-04,fetched by the pilot study before 2026-04
483,lyrics.ovh,pilot-import,2026-08-04,fetched by the pilot study before 2026-04
484,lyrics.ovh,pilot-import,2026-08-04,fetched by the pilot study before 2026-04
485,lyrics.ovh,pilot-import,2026-08-04,fetched by the pilot study before 2026-04
486,lyrics.ovh,pilot-import,2026-08-04,fetched by the pilot study before 2026-04
487,lyrics.ovh,pilot-import,2026-08-04,fetched by the pilot study before 2026-04
488,lyrics.ovh,pilot-import,2026-08-04,fetched by the pilot study before 2026-04
489,lyrics.ovh,pilot-import,2026-08-04,fetched by the pilot study before 2026-04
490,lyrics.ovh,pilot-import,2026-08-04,fetched by the pilot study before 2026-04
491,lyrics.ovh,pilot-import,2026-08-04,fetched by the pilot study before 2026-04
492,lyrics.ovh,pilot-import,2026-08-04,fetched by the pilot study before 2026-04
493,lyrics.ovh,pilot-import,2026-08-04,fetched by the pilot study before 2026-04
494,lyrics.ovh,pilot-import,2026-08-04,fetched by the pilot study before 2026-04
495,lrclib,pilot-import,2026-08-04,fetched by the pilot study before 2026-04
496,lyrics.ovh,pilot-import,2026-08-04,fetched by the pilot study before 2026-04
497,lyrics.ovh,pilot-import,2026-08-04,fetched by the pilot study before 2026-04
498,lyrics.ovh,pilot-import,2026-08-04,fetched by the pilot study before 2026-04
499,lyrics.ovh,pilot-import,2026-08-04,fetched by the pilot study before 2026-04
500,lyrics.ovh,pilot-import,2026-08-04,fetched by the pilot study before 2026-04
501,lyrics.ovh,pilot-import,2026-08-04,fetched by the pilot study before 2026-04
502,lyrics.ovh,pilot-import,2026-08-04,fetched by the pilot study before 2026-04
503,lyrics.ovh,pilot-import,2026-08-04,fetched by the pilot study before 2026-04
504,lyrics.ovh,pilot-import,2026-08-04,fetched by the pilot study before 2026-04
505,lyrics.ovh,pilot-import,2026-08-04,fetched by the pilot study before 2026-04
506,lyrics.ovh,pilot-import,2026-08-04,fetched by the pilot study before 2026-04
507,lyrics.ovh,pilot-import,2026-08-04,fetched by the pilot study before 2026-04
508,lyrics.ovh,pilot-import,2026-08-04,fetched by the pilot study before 2026-04
509,lyrics.ovh,pilot-import,2026-08-04,fetched by the pilot study before 2026-04
510,lyrics.ovh,pilot-import,2026-08-04,fetched by the pilot study before 2026-04
511,lyrics.ovh,pilot-import,2026-08-04,fetched by the pilot study before 2026-04
512,lyrics.ovh,pilot-import,2026-08-04,fetched by the pilot study before 2026-04
513,lrclib,pilot-import,2026-08-04,fetched by the pilot study before 2026-04
514,lyrics.ovh,pilot-import,2026-08-04,fetched by the pilot study before 2026-04
515,lyrics.ovh,pilot-import,2026-08-04,fetched by the pilot study before 2026-04
516,lyrics.ovh,pilot-import,2026-08-04,fetched by the pilot study before 2026-04
517,lyrics.ovh,pilot-import,2026-08-04,fetched by the pilot study before 2026-04
518,lrclib,pilot-import,2026-08-04,fetched by the pilot study before 2026-04
519,lrclib,pilot-import,2026-08-04,fetched by the pilot study before 2026-04
520,lyrics.ovh,pilot-import,2026-08-04,fetched by the pilot study before 2026-04
521,lyrics.ovh,pilot-import,2026-08-04,fetched by the pilot study before 2026-04
522,lyrics.ovh,pilot-import,2026-08-04,fetched by the pilot study before 2026-04
523,lyrics.ovh,pilot-import,2026-08-04,fetched by the pilot study before 2026-04
524,lyrics.ovh,pilot-import,2026-08-04,fetched by the pilot study before 2026-04
525,lyrics.ovh,pilot-import,2026-08-04,fetched by the pilot study before 2026-04
526,lyrics.ovh,pilot-import,2026-08-04,fetched by the pilot study before 2026-04
527,lyrics.ovh,pilot-import,2026-08-04,fetched by the pilot study before 2026-04
528,lyrics.ovh,pilot-import,2026-08-04,fetched by the pilot study before 2026-04
529,lyrics.ovh,pilot-import,2026-08-04,fetched by the pilot study before 2026-04
530,lrclib,pilot-import,2026-08-04,fetched by the pilot study before 2026-04
531,lyrics.ovh,pilot-import,2026-08-04,fetched by the pilot study before 2026-04
532,lyrics.ovh,pilot-import,2026-08-04,fetched by the pilot study before 2026-04
533,lyrics.ovh,pilot-import,2026-08-04,fetched by the pilot study before 2026-04
534,lyrics.ovh,pilot-import,2026-08-04,fetched by the pilot study before 2026-04
535,lyrics.ovh,pilot-import,2026-08-04,fetched by the pilot study before 2026-04
536,lyrics.ovh,pilot-import,2026-08-04,fetched by the pilot study before 2026-04
537,lrclib,pilot-import,2026-08-04,fetched by the pilot study before 2026-04
538,lyrics.ovh,pilot-import,2026-08-04,fetched by the pilot study before 2026-04
539,lyrics.ovh,pilot-import,2026-08-04,fetched by the pilot study before 2026-04
540,lyrics.ovh,pilot-import,2026-08-04,fetched by the pilot study before 2026-04
541,lyrics.ovh,pilot-import,2026-08-04,fetched by the pilot study before 2026-04
542,lyrics.ovh,pilot-import,2026-08-04,fetched by the pilot study before 2026-04
543,lyrics.ovh,pilot-import,2026-08-04,fetched by the pilot study before 2026-04
544,lyrics.ovh,pilot-import,2026-08-04,fetched by the pilot study before 2026-04
545,lyrics.ovh,pilot-import,2026-08-04,fetched by the pilot study before 2026-04
546,lyrics.ovh,pilot-import,2026-08-04,fetched by the pilot study before 2026-04
547,lyrics.ovh,pilot-import,2026-08-04,fetched by the pilot study before 2026-04
548,lyrics.ovh,pilot-import,2026-08-04,fetched by the pilot study before 2026-04
549,lyrics.ovh,pilot-import,2026-08-04,fetched by the pilot study before 2026-04
550,lyrics.ovh,pilot-import,2026-08-04,fetched by the pilot study before 2026-04
551,lyrics.ovh,pilot-import,2026-08-04,fetched by the pilot study before 2026-04
552,lyrics.ovh,pilot-import,2026-08-04,fetched by the pilot study before 2026-04
553,lyrics.ovh,pilot-import,2026-08-04,fetched by the pilot study before 2026-04
554,lyrics.ovh,pilot-import,2026-08-04,fetched by the pilot study before 2026-04
555,lyrics.ovh,pilot-import,2026-08-04,fetched by the pilot study before 2026-04
556,lyrics.ovh,pilot-import,2026-08-04,fetched by the pilot study before 2026-04
557,lrclib,pilot-import,2026-08-04,fetched by the pilot study before 2026-04
558,lyrics.ovh,pilot-import,2026-08-04,fetched by the pilot study before 2026-04
559,lyrics.ovh,pilot-import,2026-08-04,fetched by the pilot study before 2026-04
560,lyrics.ovh,pilot-import,2026-08-04,fetched by the pilot study before 2026-04
561,lrclib,pilot-import,2026-08-04,fetched by the pilot study before 2026-04
562,lyrics.ovh,pilot-import,2026-08-04,fetched by the pilot study before 2026-04
563,lyrics.ovh,pilot-import,2026-08-04,fetched by the pilot study before 2026-04
564,lyrics.ovh,pilot-import,2026-08-04,fetched by the pilot study before 2026-04
565,lyrics.ovh,pilot-import,2026-08-04,fetched by the pilot study before 2026-04
566,lyrics.ovh,pilot-import,2026-08-04,fetched by the pilot study before 2026-04
567,lyrics.ovh,pilot-import,2026-08-04,fetched by the pilot study before 2026-04
568,lrclib,pilot-import,2026-08-04,fetched by the pilot study before 2026-04
569,lyrics.ovh,pilot-import,2026-08-04,fetched by the pilot study before 2026-04
570,lyrics.ovh,pilot-import,2026-08-04,fetched by the pilot study before 2026-04
571,lyrics.ovh,pilot-import,2026-08-04,fetched by the pilot study before 2026-04
572,lyrics.ovh,pilot-import,2026-08-04,fetched by the pilot study before 2026-04
573,lyrics.ovh,pilot-import,2026-08-04,fetched by the pilot study before 2026-04
574,lyrics.ovh,pilot-import,2026-08-04,fetched by the pilot study before 2026-04
575,lyrics.ovh,pilot-import,2026-08-04,fetched by the pilot study before 2026-04
576,lyrics.ovh,pilot-import,2026-08-04,fetched by the pilot study before 2026-04
577,lyrics.ovh,pilot-import,2026-08-04,fetched by the pilot study before 2026-04
578,lyrics.ovh,pilot-import,2026-08-04,fetched by the pilot study before 2026-04
579,lrclib,pilot-import,2026-08-04,fetched by the pilot study before 2026-04
580,lyrics.ovh,pilot-import,2026-08-04,fetched by the pilot study before 2026-04
581,lyrics.ovh,pilot-import,2026-08-04,fetched by the pilot study before 2026-04
582,lrclib,pilot-import,2026-08-04,fetched by the pilot study before 2026-04
583,lyrics.ovh,pilot-import,2026-08-04,fetched by the pilot study before 2026-04
584,lyrics.ovh,pilot-import,2026-08-04,fetched by the pilot study before 2026-04
585,lyrics.ovh,pilot-import,2026-08-04,fetched by the pilot study before 2026-04
586,lyrics.ovh,pilot-import,2026-08-04,fetched by the pilot study before 2026-04
587,lyrics.ovh,pilot-import,2026-08-04,fetched by the pilot study before 2026-04
588,lyrics.ovh,pilot-import,2026-08-04,fetched by the pilot study before 2026-04
589,lyrics.ovh,pilot-import,2026-08-04,fetched by the pilot study before 2026-04
590,lyrics.ovh,pilot-import,2026-08-04,fetched by the pilot study before 2026-04
591,lyrics.ovh,pilot-import,2026-08-04,fetched by the pilot study before 2026-04
592,lyrics.ovh,pilot-import,2026-08-04,fetched by the pilot study before 2026-04
593,lyrics.ovh,pilot-import,2026-08-04,fetched by the pilot study before 2026-04
594,lyrics.ovh,pilot-import,2026-08-04,fetched by the pilot study before 2026-04
595,lyrics.ovh,pilot-import,2026-08-04,fetched by the pilot study before 2026-04
596,lyrics.ovh,pilot-import,2026-08-04,fetched by the pilot study before 2026-04
597,lyrics.ovh,pilot-import,2026-08-04,fetched by the pilot study before 2026-04
598,lrclib,pilot-import,2026-08-04,fetched by the pilot study before 2026-04
599,lyrics.ovh,pilot-import,2026-08-04,fetched by the pilot study before 2026-04
600,lyrics.ovh,pilot-import,2026-08-04,fetched by the pilot study before 2026-04
601,lyrics.ovh,pilot-import,2026-08-04,fetched by the pilot study before 2026-04
602,lyrics.ovh,pilot-import,2026-08-04,fetched by the pilot study before 2026-04
603,lyrics.ovh,pilot-import,2026-08-04,fetched by the pilot study before 2026-04
604,lrclib,pilot-import,2026-08-04,fetched by the pilot study before 2026-04
605,lyrics.ovh,pilot-import,2026-08-04,fetched by the pilot study before 2026-04
606,lyrics.ovh,pilot-import,2026-08-04,fetched by the pilot study before 2026-04
607,lyrics.ovh,pilot-import,2026-08-04,fetched by the pilot study before 2026-04
608,lyrics.ovh,pilot-import,2026-08-04,fetched by the pilot study before 2026-04
609,lrclib,pilot-import,2026-08-04,fetched by the pilot study before 2026-04
610,lyrics.ovh,pilot-import,2026-08-04,fetched by the pilot study before 2026-04
611,lyrics.ovh,pilot-import,2026-08-04,fetched by the pilot study before 2026-04
612,lyrics.ovh,pilot-import,2026-08-04,fetched by the pilot study before 2026-04
613,lyrics.ovh,pilot-import,2026-08-04,fetched by the pilot study before 2026-04
614,lyrics.ovh,pilot-import,2026-08-04,fetched by the pilot study before 2026-04
615,lyrics.ovh,pilot-import,2026-08-04,fetched by the pilot study before 2026-04
616,lyrics.ovh,pilot-import,2026-08-04,fetched by the pilot study before 2026-04
617,lyrics.ovh,pilot-import,2026-08-04,fetched by the pilot study before 2026-04
618,lyrics.ovh,pilot-import,2026-08-04,fetched by the pilot study before 2026-04
619,lyrics.ovh,pilot-import,2026-08-04,fetched by the pilot study before 2026-04
620,lyrics.ovh,pilot-import,2026-08-04,fetched by the pilot study before 2026-04
621,lyrics.ovh,pilot-import,2026-08-04,fetched by the pilot study before 2026-04
622,lyrics.ovh,pilot-import,2026-08-04,fetched by the pilot study before 2026-04
623,lyrics.ovh,pilot-import,2026-08-04,fetched by the pilot study before 2026-04
624,lyrics.ovh,pilot-import,2026-08-04,fetched by the pilot study before 2026-04
625,lyrics.ovh,pilot-import,2026-08-04,fetched by the pilot study before 2026-04
626,lrclib,pilot-import,2026-08-04,fetched by the pilot study before 2026-04
627,lyrics.ovh,pilot-import,2026-08-04,fetched by the pilot study before 2026-04
628,lrclib,pilot-import,2026-08-04,fetched by the pilot study before 2026-04
629,lyrics.ovh,pilot-import,2026-08-04,fetched by the pilot study before 2026-04
630,lyrics.ovh,pilot-import,2026-08-04,fetched by the pilot study before 2026-04
631,lyrics.ovh,pilot-import,2026-08-04,fetched by the pilot study before 2026-04
632,lyrics.ovh,pilot-import,2026-08-04,fetched by the pilot study before 2026-04
633,lyrics.ovh,pilot-import,2026-08-04,fetched by the pilot study before 2026-04
634,lyrics.ovh,pilot-import,2026-08-04,fetched by the pilot study before 2026-04
635,lyrics.ovh,pilot-import,2026-08-04,fetched by the pilot study before 2026-04
636,lyrics.ovh,pilot-import,2026-08-04,fetched by the pilot study before 2026-04
637,lyrics.ovh,pilot-import,2026-08-04,fetched by the pilot study before 2026-04
638,lyrics.ovh,pilot-import,2026-08-04,fetched by the pilot study before 2026-04
639,lyrics.ovh,pilot-import,2026-08-04,fetched by the pilot study before 2026-04
640,lyrics.ovh,pilot-import,2026-08-04,fetched by the pilot study before 2026-04
641,lyrics.ovh,pilot-import,2026-08-04,fetched by the pilot study before 2026-04
642,lyrics.ovh,pilot-import,2026-08-04,fetched by the pilot study before 2026-04
643,lyrics.ovh,pilot-import,2026-08-04,fetched by the pilot study before 2026-04
644,lrclib,pilot-import,2026-08-04,fetched by the pilot study before 2026-04
645,lyrics.ovh,pilot-import,2026-08-04,fetched by the pilot study before 2026-04
646,lyrics.ovh,pilot-import,2026-08-04,fetched by the pilot study before 2026-04
647,lyrics.ovh,pilot-import,2026-08-04,fetched by the pilot study before 2026-04
648,lyrics.ovh,pilot-import,2026-08-04,fetched by the pilot study before 2026-04
649,lyrics.ovh,pilot-import,2026-08-04,fetched by the pilot study before 2026-04
650,lyrics.ovh,pilot-import,2026-08-04,fetched by the pilot study before 2026-04
651,lyrics.ovh,pilot-import,2026-08-04,fetched by the pilot study before 2026-04
652,lyrics.ovh,pilot-import,2026-08-04,fetched by the pilot study before 2026-04
653,lyrics.ovh,pilot-import,2026-08-04,fetched by the pilot study before 2026-04
654,lyrics.ovh,pilot-import,2026-08-04,fetched by the pilot study before 2026-04
655,lrclib,pilot-import,2026-08-04,fetched by the pilot study before 2026-04
656,lyrics.ovh,pilot-import,2026-08-04,fetched by the pilot study before 2026-04
657,lyrics.ovh,pilot-import,2026-08-04,fetched by the pilot study before 2026-04
658,lyrics.ovh,pilot-import,2026-08-04,fetched by the pilot study before 2026-04
659,lyrics.ovh,pilot-import,2026-08-04,fetched by the pilot study before 2026-04
660,lyrics.ovh,pilot-import,2026-08-04,fetched by the pilot study before 2026-04
661,lyrics.ovh,pilot-import,2026-08-04,fetched by the pilot study before 2026-04
662,lyrics.ovh,pilot-import,2026-08-04,fetched by the pilot study before 2026-04
663,lyrics.ovh,pilot-import,2026-08-04,fetched by the pilot study before 2026-04
664,lyrics.ovh,pilot-import,2026-08-04,fetched by the pilot study before 2026-04
665,lyrics.ovh,pilot-import,2026-08-04,fetched by the pilot study before 2026-04
666,lyrics.ovh,pilot-import,2026-08-04,fetched by the pilot study before 2026-04
667,lyrics.ovh,pilot-import,2026-08-04,fetched by the pilot study before 2026-04
668,lrclib,pilot-import,2026-08-04,fetched by the pilot study before 2026-04
669,lyrics.ovh,pilot-import,2026-08-04,fetched by the pilot study before 2026-04
670,lyrics.ovh,pilot-import,2026-08-04,fetched by the pilot study before 2026-04
671,lyrics.ovh,pilot-import,2026-08-04,fetched by the pilot study before 2026-04
672,lyrics.ovh,pilot-import,2026-08-04,fetched by the pilot study before 2026-04
673,lyrics.ovh,pilot-import,2026-08-04,fetched by the pilot study before 2026-04
674,lyrics.ovh,pilot-import,2026-08-04,fetched by the pilot study before 2026-04
675,lyrics.ovh,pilot-import,2026-08-04,fetched by the pilot study before 2026-04
676,lyrics.ovh,pilot-import,2026-08-04,fetched by the pilot study before 2026-04
677,lrclib,pilot-import,2026-08-04,fetched by the pilot study before 2026-04
678,lyrics.ovh,pilot-import,2026-08-04,fetched by the pilot study before 2026-04
679,lyrics.ovh,pilot-import,2026-08-04,fetched by the pilot study before 2026-04
680,lyrics.ovh,pilot-import,2026-08-04,fetched by the pilot study before 2026-04
681,lyrics.ovh,pilot-import,2026-08-04,fetched by the pilot study before 2026-04
682,lyrics.ovh,pilot-import,2026-08-04,fetched by the pilot study before 2026-04
683,lyrics.ovh,pilot-import,2026-08-04,fetched by the pilot study before 2026-04
684,lyrics.ovh,pilot-import,2026-08-04,fetched by the pilot study before 2026-04
685,lyrics.ovh,pilot-import,2026-08-04,fetched by the pilot study before 2026-04
686,lyrics.ovh,pilot-import,2026-08-04,fetched by the pilot study before 2026-04
687,lyrics.ovh,pilot-import,2026-08-04,fetched by the pilot study before 2026-04
688,lyrics.ovh,pilot-import,2026-08-04,fetched by the pilot study before 2026-04
689,lyrics.ovh,pilot-import,2026-08-04,fetched by the pilot study before 2026-04
690,lyrics.ovh,pilot-import,2026-08-04,fetched by the pilot study before 2026-04
691,lrclib,pilot-import,2026-08-04,fetched by the pilot study before 2026-04
692,lyrics.ovh,pilot-import,2026-08-04,fetched by the pilot study before 2026-04
693,lyrics.ovh,pilot-import,2026-08-04,fetched by the pilot study before 2026-04
694,lyrics.ovh,pilot-import,2026-08-04,fetched by the pilot study before 2026-04
695,lyrics.ovh,pilot-import,2026-08-04,fetched by the pilot study before 2026-04
696,lyrics.ovh,pilot-import,2026-08-04,fetched by the pilot study before 2026-04
697,lrclib,pilot-import,2026-08-04,fetched by the pilot study before 2026-04
698,lyrics.ovh,pilot-import,2026-08-04,fetched by the pilot study before 2026-04
699,lrclib,pilot-import,2026-08-04,fetched by the pilot study before 2026-04
700,lyrics.ovh,pilot-import,2026-08-04,fetched by the pilot study before 2026-04
701,lrclib,pilot-import,2026-08-04,fetched by the pilot study before 2026-04
702,lyrics.ovh,pilot-import,2026-08-04,fetched by the pilot study before 2026-04
703,lyrics.ovh,pilot-import,2026-08-04,fetched by the pilot study before 2026-04
704,lyrics.ovh,pilot-import,2026-08-04,fetched by the pilot study before 2026-04
705,lyrics.ovh,pilot-import,2026-08-04,fetched by the pilot study before 2026-04
706,lyrics.ovh,pilot-import,2026-08-04,fetched by the pilot study before 2026-04
707,lyrics.ovh,pilot-import,2026-08-04,fetched by the pilot study before 2026-04
708,lyrics.ovh,pilot-import,2026-08-04,fetched by the pilot study before 2026-04
709,lrclib,pilot-import,2026-08-04,fetched by the pilot study before 2026-04
710,lyrics.ovh,pilot-import,2026-08-04,fetched by the pilot study before 2026-04
711,lrclib,pilot-import,2026-08-04,fetched by the pilot study before 2026-04
712,lyrics.ovh,pilot-import,2026-08-04,fetched by the pilot study before 2026-04
713,lyrics.ovh,pilot-import,2026-08-04,fetched by the pilot study before 2026-04
714,lyrics.ovh,pilot-import,2026-08-04,fetched by the pilot study before 2026-04
715,lyrics.ovh,pilot-import,2026-08-04,fetched by the pilot study before 2026-04
716,lyrics.ovh,pilot-import,2026-08-04,fetched by the pilot study before 2026-04
717,lrclib,pilot-import,2026-08-04,fetched by the pilot study before 2026-04
718,lyrics.ovh,pilot-import,2026-08-04,fetched by the pilot study before 2026-04
719,lyrics.ovh,pilot-import,2026-08-04,fetched by the pilot study before 2026-04
720,lyrics.ovh,pilot-import,2026-08-04,fetched by the pilot study before 2026-04
721,lyrics.ovh,pilot-import,2026-08-04,fetched by the pilot study before 2026-04
722,lyrics.ovh,pilot-import,2026-08-04,fetched by the pilot study before 2026-04
723,lrclib,pilot-import,2026-08-04,fetched by the pilot study before 2026-04
724,lyrics.ovh,pilot-import,2026-08-04,fetched by the pilot study before 2026-04
725,lyrics.ovh,pilot-import,2026-08-04,fetched by the pilot study before 2026-04
726,lyrics.ovh,pilot-import,2026-08-04,fetched by the pilot study before 2026-04
727,lyrics.ovh,pilot-import,2026-08-04,fetched by the pilot study before 2026-04
728,lyrics.ovh,pilot-import,2026-08-04,fetched by the pilot study before 2026-04
729,lyrics.ovh,pilot-import,2026-08-04,fetched by the pilot study before 2026-04
730,lyrics.ovh,pilot-import,2026-08-04,fetched by the pilot study before 2026-04
731,lyrics.ovh,pilot-import,2026-08-04,fetched by the pilot study before 2026-04
732,lyrics.ovh,pilot-import,2026-08-04,fetched by the pilot study before 2026-04
733,lyrics.ovh,pilot-import,2026-08-04,fetched by the pilot study before 2026-04
734,lyrics.ovh,pilot-import,2026-08-04,fetched by the pilot study before 2026-04
735,lyrics.ovh,pilot-import,2026-08-04,fetched by the pilot study before 2026-04
736,lyrics.ovh,pilot-import,2026-08-04,fetched by the pilot study before 2026-04
737,lyrics.ovh,pilot-import,2026-08-04,fetched by the pilot study before 2026-04
738,lyrics.ovh,pilot-import,2026-08-04,fetched by the pilot study before 2026-04
739,lyrics.ovh,pilot-import,2026-08-04,fetched by the pilot study before 2026-04
740,lyrics.ovh,pilot-import,2026-08-04,fetched by the pilot study before 2026-04
741,lyrics.ovh,pilot-import,2026-08-04,fetched by the pilot study before 2026-04
742,lrclib,pilot-import,2026-08-04,fetched by the pilot study before 2026-04
743,lyrics.ovh,pilot-import,2026-08-04,fetched by the pilot study before 2026-04
744,lyrics.ovh,pilot-import,2026-08-04,fetched by the pilot study before 2026-04
745,lyrics.ovh,pilot-import,2026-08-04,fetched by the pilot study before 2026-04
746,lyrics.ovh,pilot-import,2026-08-04,fetched by the pilot study before 2026-04
747,lyrics.ovh,pilot-import,2026-08-04,fetched by the pilot study before 2026-04
748,lyrics.ovh,pilot-import,2026-08-04,fetched by the pilot study before 2026-04
749,lyrics.ovh,pilot-import,2026-08-04,fetched by the pilot study before 2026-04
750,lyrics.ovh,pilot-import,2026-08-04,fetched by the pilot study before 2026-04
751,lyrics.ovh,pilot-import,2026-08-04,fetched by the pilot study before 2026-04
752,lrclib,pilot-import,2026-08-04,fetched by the pilot study before 2026-04
753,lyrics.ovh,pilot-import,2026-08-04,fetched by the pilot study before 2026-04
754,lyrics.ovh,pilot-import,2026-08-04,fetched by the pilot study before 2026-04
755,lyrics.ovh,pilot-import,2026-08-04,fetched by the pilot study before 2026-04
756,lyrics.ovh,pilot-import,2026-08-04,fetched by the pilot study before 2026-04
757,lyrics.ovh,pilot-import,2026-08-04,fetched by the pilot study before 2026-04
758,lyrics.ovh,pilot-import,2026-08-04,fetched by the pilot study before 2026-04
759,lyrics.ovh,pilot-import,2026-08-04,fetched by the pilot study before 2026-04
760,lyrics.ovh,pilot-import,2026-08-04,fetched by the pilot study before 2026-04
761,lyrics.ovh,pilot-import,2026-08-04,fetched by the pilot study before 2026-04
762,lyrics.ovh,pilot-import,2026-08-04,fetched by the pilot study before 2026-04
763,lyrics.ovh,pilot-import,2026-08-04,fetched by the pilot study before 2026-04
764,lyrics.ovh,pilot-import,2026-08-04,fetched by the pilot study before 2026-04
765,lrclib,pilot-import,2026-08-04,fetched by the pilot study before 2026-04
766,lyrics.ovh,pilot-import,2026-08-04,fetched by the pilot study before 2026-04
767,lyrics.ovh,pilot-import,2026-08-04,fetched by the pilot study before 2026-04
768,lyrics.ovh,pilot-import,2026-08-04,fetched by the pilot study before 2026-04
769,lyrics.ovh,pilot-import,2026-08-04,fetched by the pilot study before 2026-04
770,lyrics.ovh,pilot-import,2026-08-04,fetched by the pilot study before 2026-04
771,lyrics.ovh,pilot-import,2026-08-04,fetched by the pilot study before 2026-04
772,lyrics.ovh,pilot-import,2026-08-04,fetched by the pilot study before 2026-04
773,lyrics.ovh,pilot-import,2026-08-04,fetched by the pilot study before 2026-04
774,lyrics.ovh,pilot-import,2026-08-04,fetched by the pilot study before 2026-04
775,lyrics.ovh,pilot-import,2026-08-04,fetched by the pilot study before 2026-04
776,lyrics.ovh,pilot-import,2026-08-04,fetched by the pilot study before 2026-04
777,lyrics.ovh,pilot-import,2026-08-04,fetched by the pilot study before 2026-04
778,lyrics.ovh,pilot-import,2026-08-04,fetched by the pilot study before 2026-04
779,lyrics.ovh,pilot-import,2026-08-04,fetched by the pilot study before 2026-04
780,lyrics.ovh,pilot-import,2026-08-04,fetched by the pilot study before 2026-04
781,lyrics.ovh,pilot-import,2026-08-04,fetched by the pilot study before 2026-04
782,lyrics.ovh,pilot-import,2026-08-04,fetched by the pilot study before 2026-04
783,lyrics.ovh,pilot-import,2026-08-04,fetched by the pilot study before 2026-04
784,lyrics.ovh,pilot-import,2026-08-04,fetched by the pilot study before 2026-04
785,lyrics.ovh,pilot-import,2026-08-04,fetched by the pilot study before 2026-04
786,lyrics.ovh,pilot-import,2026-08-04,fetched by the pilot study before 2026-04
787,lyrics.ovh,pilot-import,2026-08-04,fetched by the pilot study before 2026-04
788,lyrics.ovh,pilot-import,2026-08-04,fetched by the pilot study before 2026-04
789,lyrics.ovh,pilot-import,2026-08-04,fetched by the pilot study before 2026-04
790,lyrics.ovh,pilot-import,2026-08-04,fetched by the pilot study before 2026-04
791,lyrics.ovh,pilot-import,2026-08-04,fetched by the pilot study before 2026-04
792,lyrics.ovh,pilot-import,2026-08-04,fetched by the pilot study before 2026-04
793,lyrics.ovh,pilot-import,2026-08-04,fetched by the pilot study before 2026-04
794,lyrics.ovh,pilot-import,2026-08-04,fetched by the pilot study before 2026-04
795,lyrics.ovh,pilot-import,2026-08-04,fetched by the pilot study before 2026-04
796,lyrics.ovh,pilot-import,2026-08-04,fetched by the pilot study before 2026-04
797,lyrics.ovh,pilot-import,2026-08-04,fetched by the pilot study before 2026-04
798,lyrics.ovh,pilot-import,2026-08-04,fetched by the pilot study before 2026-04
799,lyrics.ovh,pilot-import,2026-08-04,fetched by the pilot study before 2026-04
800,lyrics.ovh,pilot-import,2026-08-04,fetched by the pilot study before 2026-04
801,lyrics.ovh,pilot-import,2026-08-04,fetched by the pilot study before 2026-04
802,lyrics.ovh,pilot-import,2026-08-04,fetched by the pilot study before 2026-04
803,lyrics.ovh,pilot-import,2026-08-04,fetched by the pilot study before 2026-04
804,lyrics.ovh,pilot-import,2026-08-04,fetched by the pilot study before 2026-04
805,lyrics.ovh,pilot-import,2026-08-04,fetched by the pilot study before 2026-04
806,lrclib,pilot-import,2026-08-04,fetched by the pilot study before 2026-04
807,lyrics.ovh,pilot-import,2026-08-04,fetched by the pilot study before 2026-04
808,lyrics.ovh,pilot-import,2026-08-04,fetched by the pilot study before 2026-04
809,lyrics.ovh,pilot-import,2026-08-04,fetched by the pilot study before 2026-04
810,lyrics.ovh,pilot-import,2026-08-04,fetched by the pilot study before 2026-04
811,lyrics.ovh,pilot-import,2026-08-04,fetched by the pilot study before 2026-04
812,lyrics.ovh,pilot-import,2026-08-04,fetched by the pilot study before 2026-04
813,lyrics.ovh,pilot-import,2026-08-04,fetched by the pilot study before 2026-04
814,lyrics.ovh,pilot-import,2026-08-04,fetched by the pilot study before 2026-04
815,lyrics.ovh,pilot-import,2026-08-04,fetched by the pilot study before 2026-04
816,lyrics.ovh,pilot-import,2026-08-04,fetched by the pilot study before 2026-04
817,lyrics.ovh,pilot-import,2026-08-04,fetched by the pilot study before 2026-04
818,lyrics.ovh,pilot-import,2026-08-04,fetched by the pilot study before 2026-04
819,lrclib,pilot-import,2026-08-04,fetched by the pilot study before 2026-04
820,lyrics.ovh,pilot-import,2026-08-04,fetched by the pilot study before 2026-04
821,lyrics.ovh,pilot-import,2026-08-04,fetched by the pilot study before 2026-04
822,lyrics.ovh,pilot-import,2026-08-04,fetched by the pilot study before 2026-04
823,lyrics.ovh,pilot-import,2026-08-04,fetched by the pilot study before 2026-04
824,lyrics.ovh,pilot-import,2026-08-04,fetched by the pilot study before 2026-04
825,lyrics.ovh,pilot-import,2026-08-04,fetched by the pilot study before 2026-04
826,lyrics.ovh,pilot-import,2026-08-04,fetched by the pilot study before 2026-04
827,lyrics.ovh,pilot-import,2026-08-04,fetched by the pilot study before 2026-04
828,lyrics.ovh,pilot-import,2026-08-04,fetched by the pilot study before 2026-04
829,lyrics.ovh,pilot-import,2026-08-04,fetched by the pilot study before 2026-04
830,lyrics.ovh,pilot-import,2026-08-04,fetched by the pilot study before 2026-04
831,lyrics.ovh,pilot-import,2026-08-04,fetched by the pilot study before 2026-04
832,lyrics.ovh,pilot-import,2026-08-04,fetched by the pilot study before 2026-04
833,lyrics.ovh,pilot-import,2026-08-04,fetched by the pilot study before 2026-04
834,lyrics.ovh,pilot-import,2026-08-04,fetched by the pilot study before 2026-04
835,lyrics.ovh,pilot-import,2026-08-04,fetched by the pilot study before 2026-04
836,lyrics.ovh,pilot-import,2026-08-04,fetched by the pilot study before 2026-04
837,lyrics.ovh,pilot-import,2026-08-04,fetched by the pilot study before 2026-04
838,lyrics.ovh,pilot-import,2026-08-04,fetched by the pilot study before 2026-04
839,lyrics.ovh,pilot-import,2026-08-04,fetched by the pilot study before 2026-04
840,lyrics.ovh,pilot-import,2026-08-04,fetched by the pilot study before 2026-04
841,lyrics.ovh,pilot-import,2026-08-04,fetched by the pilot study before 2026-04
842,lyrics.ovh,pilot-import,2026-08-04,fetched by the pilot study before 2026-04
843,lyrics.ovh,pilot-import,2026-08-04,fetched by the pilot study before 2026-04
844,lyrics.ovh,pilot-import,2026-08-04,fetched by the pilot study before 2026-04
845,lyrics.ovh,pilot-import,2026-08-04,fetched by the pilot study before 2026-04
846,lyrics.ovh,pilot-import,2026-08-04,fetched by the pilot study before 2026-04
847,lyrics.ovh,pilot-import,2026-08-04,fetched by the pilot study before 2026-04
848,lyrics.ovh,pilot-import,2026-08-04,fetched by the pilot study before 2026-04
849,lyrics.ovh,pilot-import,2026-08-04,fetched by the pilot study before 2026-04
850,lyrics.ovh,pilot-import,2026-08-04,fetched by the pilot study before 2026-04
851,lyrics.ovh,pilot-import,2026-08-04,fetched by the pilot study before 2026-04
852,lyrics.ovh,pilot-import,2026-08-04,fetched by the pilot study before 2026-04
853,lrclib,pilot-import,2026-08-04,fetched by the pilot study before 2026-04
854,lyrics.ovh,pilot-import,2026-08-04,fetched by the pilot study before 2026-04
855,lyrics.ovh,pilot-import,2026-08-04,fetched by the pilot study before 2026-04
856,lrclib,pilot-import,2026-08-04,fetched by the pilot study before 2026-04
857,lrclib,pilot-import,2026-08-04,fetched by the pilot study before 2026-04
858,lyrics.ovh,pilot-import,2026-08-04,fetched by the pilot study before 2026-04
859,lyrics.ovh,pilot-import,2026-08-04,fetched by the pilot study before 2026-04
860,lyrics.ovh,pilot-import,2026-08-04,fetched by the pilot study before 2026-04
861,lyrics.ovh,pilot-import,2026-08-04,fetched by the pilot study before 2026-04
862,lyrics.ovh,pilot-import,2026-08-04,fetched by the pilot study before 2026-04
863,lrclib,pilot-import,2026-08-04,fetched by the pilot study before 2026-04
864,lyrics.ovh,pilot-import,2026-08-04,fetched by the pilot study before 2026-04
865,lyrics.ovh,pilot-import,2026-08-04,fetched by the pilot study before 2026-04
866,lrclib,pilot-import,2026-08-04,fetched by the pilot study before 2026-04
867,lyrics.ovh,pilot-import,2026-08-04,fetched by the pilot study before 2026-04
868,lrclib,pilot-import,2026-08-04,fetched by the pilot study before 2026-04
869,lyrics.ovh,pilot-import,2026-08-04,fetched by the pilot study before 2026-04
870,lyrics.ovh,pilot-import,2026-08-04,fetched by the pilot study before 2026-04
871,lyrics.ovh,pilot-import,2026-08-04,fetched by the pilot study before 2026-04
872,lyrics.ovh,pilot-import,2026-08-04,fetched by the pilot study before 2026-04
873,lyrics.ovh,pilot-import,2026-08-04,fetched by the pilot study before 2026-04
874,lyrics.ovh,pilot-import,2026-08-04,fetched by the pilot study before 2026-04
875,lyrics.ovh,pilot-import,2026-08-04,fetched by the pilot study before 2026-04
876,lrclib,pilot-import,2026-08-04,fetched by the pilot study before 2026-04
877,lyrics.ovh,pilot-import,2026-08-04,fetched by the pilot study before 2026-04
878,lyrics.ovh,pilot-import,2026-08-04,fetched by the pilot study before 2026-04
879,lyrics.ovh,pilot-import,2026-08-04,fetched by the pilot study before 2026-04
880,lyrics.ovh,pilot-import,2026-08-04,fetched by the pilot study before 2026-04
881,lyrics.ovh,pilot-import,2026-08-04,fetched by the pilot study before 2026-04
882,lyrics.ovh,pilot-import,2026-08-04,fetched by the pilot study before 2026-04
883,lyrics.ovh,pilot-import,2026-08-04,fetched by the pilot study before 2026-04
1,lyrics.ovh,api-fetch,2026-08-04,
2,lyrics.ovh,api-fetch,2026-08-04,
3,lyrics.ovh,api-fetch,2026-08-04,
4,lyrics.ovh,api-fetch,2026-08-04,
5,lyrics.ovh,api-fetch,2026-08-04,
6,lyrics.ovh,api-fetch,2026-08-04,
7,lyrics.ovh,api-fetch,2026-08-04,
8,lrclib,api-fetch,2026-08-04,
9,lrclib,api-fetch,2026-08-04,
10,lyrics.ovh,api-fetch,2026-08-04,
11,lyrics.ovh,api-fetch,2026-08-04,
12,lyrics.ovh,api-fetch,2026-08-04,
13,lyrics.ovh,api-fetch,2026-08-04,
14,lyrics.ovh,api-fetch,2026-08-04,
15,lyrics.ovh,api-fetch,2026-08-04,
16,lyrics.ovh,api-fetch,2026-08-04,
17,lyrics.ovh,api-fetch,2026-08-04,
18,lyrics.ovh,api-fetch,2026-08-04,
19,lrclib,api-fetch,2026-08-04,
20,lyrics.ovh,api-fetch,2026-08-04,
21,lyrics.ovh,api-fetch,2026-08-04,
22,lrclib,api-fetch,2026-08-04,
23,lyrics.ovh,api-fetch,2026-08-04,
24,lyrics.ovh,api-fetch,2026-08-04,
25,lyrics.ovh,api-fetch,2026-08-04,
26,lyrics.ovh,api-fetch,2026-08-04,
27,lyrics.ovh,api-fetch,2026-08-04,
28,lyrics.ovh,api-fetch,2026-08-04,
29,lyrics.ovh,api-fetch,2026-08-04,
30,lyrics.ovh,api-fetch,2026-08-04,
31,lyrics.ovh,api-fetch,2026-08-04,
32,lyrics.ovh,api-fetch,2026-08-04,
33,lrclib,api-fetch,2026-08-04,
34,lrclib,api-fetch,2026-08-04,
35,lrclib,api-fetch,2026-08-04,
36,lyrics.ovh,api-fetch,2026-08-04,
37,lyrics.ovh,api-fetch,2026-08-04,
38,lyrics.ovh,api-fetch,2026-08-04,
39,lyrics.ovh,api-fetch,2026-08-04,
40,lyrics.ovh,api-fetch,2026-08-04,
41,lyrics.ovh,api-fetch,2026-08-04,
42,lrclib,api-fetch,2026-08-04,
43,lyrics.ovh,api-fetch,2026-08-04,
44,lyrics.ovh,api-fetch,2026-08-04,
45,lyrics.ovh,api-fetch,2026-08-04,
46,lyrics.ovh,api-fetch,2026-08-04,
47,lyrics.ovh,api-fetch,2026-08-04,
48,lrclib,api-fetch,2026-08-04,
49,lrclib,api-fetch,2026-08-04,
50,lrclib,api-fetch,2026-08-04,
51,lyrics.ovh,api-fetch,2026-08-04,
52,lyrics.ovh,api-fetch,2026-08-04,
53,lyrics.ovh,api-fetch,2026-08-04,
54,lyrics.ovh,api-fetch,2026-08-04,
55,lyrics.ovh,api-fetch,2026-08-04,
56,lyrics.ovh,api-fetch,2026-08-04,
57,lyrics.ovh,api-fetch,2026-08-04,
58,lyrics.ovh,api-fetch,2026-08-04,
59,lyrics.ovh,api-fetch,2026-08-04,
60,lyrics.ovh,api-fetch,2026-08-04,
61,lyrics.ovh,api-fetch,2026-08-04,
62,lyrics.ovh,api-fetch,2026-08-04,
63,lrclib,api-fetch,2026-08-04,
64,lrclib,api-fetch,2026-08-04,
65,lyrics.ovh,api-fetch,2026-08-04,
66,lyrics.ovh,api-fetch,2026-08-04,
67,lyrics.ovh,api-fetch,2026-08-04,
68,lyrics.ovh,api-fetch,2026-08-04,
69,lyrics.ovh,api-fetch,2026-08-04,
70,lyrics.ovh,api-fetch,2026-08-04,
71,lyrics.ovh,api-fetch,2026-08-04,
72,lrclib,api-fetch,2026-08-04,
73,lyrics.ovh,api-fetch,2026-08-04,
74,lyrics.ovh,api-fetch,2026-08-04,
75,lyrics.ovh,api-fetch,2026-08-04,
76,lyrics.ovh,api-fetch,2026-08-04,
77,lyrics.ovh,api-fetch,2026-08-04,
78,lyrics.ovh,api-fetch,2026-08-04,
79,lyrics.ovh,api-fetch,2026-08-04,
80,lyrics.ovh,api-fetch,2026-08-04,
81,lyrics.ovh,api-fetch,2026-08-04,
82,lyrics.ovh,api-fetch,2026-08-04,
83,lyrics.ovh,api-fetch,2026-08-04,
84,lyrics.ovh,api-fetch,2026-08-04,
85,lyrics.ovh,api-fetch,2026-08-04,
86,lyrics.ovh,api-fetch,2026-08-04,
87,lyrics.ovh,api-fetch,2026-08-04,
88,lrclib,api-fetch,2026-08-04,
89,lyrics.ovh,api-fetch,2026-08-04,
90,lyrics.ovh,api-fetch,2026-08-04,
91,lrclib,api-fetch,2026-08-04,
92,lyrics.ovh,api-fetch,2026-08-04,
93,lyrics.ovh,api-fetch,2026-08-04,
94,lyrics.ovh,api-fetch,2026-08-04,
95,lyrics.ovh,api-fetch,2026-08-04,
96,lyrics.ovh,api-fetch,2026-08-04,
97,lyrics.ovh,api-fetch,2026-08-04,
98,lyrics.ovh,api-fetch,2026-08-04,
99,lyrics.ovh,api-fetch,2026-08-04,
100,lyrics.ovh,api-fetch,2026-08-04,
101,lyrics.ovh,api-fetch,2026-08-04,
102,lyrics.ovh,api-fetch,2026-08-04,
103,lrclib,api-fetch,2026-08-04,
104,lyrics.ovh,api-fetch,2026-08-04,
105,lyrics.ovh,api-fetch,2026-08-04,
106,lyrics.ovh,api-fetch,2026-08-04,
107,lyrics.ovh,api-fetch,2026-08-04,
108,lyrics.ovh,api-fetch,2026-08-04,
109,lyrics.ovh,api-fetch,2026-08-04,
110,lrclib,api-fetch,2026-08-04,
111,lrclib,api-fetch,2026-08-04,
112,lyrics.ovh,api-fetch,2026-08-04,
113,lyrics.ovh,api-fetch,2026-08-04,
114,lyrics.ovh,api-fetch,2026-08-04,
115,lyrics.ovh,api-fetch,2026-08-04,
116,lyrics.ovh,api-fetch,2026-08-04,
117,lyrics.ovh,api-fetch,2026-08-04,
118,lyrics.ovh,api-fetch,2026-08-04,
119,lyrics.ovh,api-fetch,2026-08-04,
120,lyrics.ovh,api-fetch,2026-08-04,
121,lrclib,api-fetch,2026-08-04,
122,lyrics.ovh,api-fetch,2026-08-04,
123,lyrics.ovh,api-fetch,2026-08-04,
124,lrclib,api-fetch,2026-08-04,
125,lrclib,api-fetch,2026-08-04,
126,lyrics.ovh,api-fetch,2026-08-04,
127,lyrics.ovh,api-fetch,2026-08-04,
128,lyrics.ovh,api-fetch,2026-08-04,
129,lrclib,api-fetch,2026-08-04,
130,lyrics.ovh,api-fetch,2026-08-04,
131,lyrics.ovh,api-fetch,2026-08-04,
132,lyrics.ovh,api-fetch,2026-08-04,
133,lyrics.ovh,api-fetch,2026-08-04,
134,lyrics.ovh,api-fetch,2026-08-04,
135,lyrics.ovh,api-fetch,2026-08-04,
136,lrclib,api-fetch,2026-08-04,
137,lyrics.ovh,api-fetch,2026-08-04,
138,lyrics.ovh,api-fetch,2026-08-04,
139,lyrics.ovh,api-fetch,2026-08-04,
140,lyrics.ovh,api-fetch,2026-08-04,
141,lyrics.ovh,api-fetch,2026-08-04,
142,lyrics.ovh,api-fetch,2026-08-04,
144,lyrics.ovh,api-fetch,2026-08-04,
147,lyrics.ovh,api-fetch,2026-08-04,
148,lyrics.ovh,api-fetch,2026-08-04,
149,lyrics.ovh,api-fetch,2026-08-04,
150,lyrics.ovh,api-fetch,2026-08-04,
152,lrclib,api-fetch,2026-08-04,
153,lyrics.ovh,api-fetch,2026-08-04,
154,lyrics.ovh,api-fetch,2026-08-04,
155,lrclib,api-fetch,2026-08-04,
156,lyrics.ovh,api-fetch,2026-08-04,
157,lyrics.ovh,api-fetch,2026-08-04,
158,lyrics.ovh,api-fetch,2026-08-04,
159,lyrics.ovh,api-fetch,2026-08-04,
160,lyrics.ovh,api-fetch,2026-08-04,
161,lyrics.ovh,api-fetch,2026-08-04,
162,lyrics.ovh,api-fetch,2026-08-04,
163,lyrics.ovh,api-fetch,2026-08-04,
164,lyrics.ovh,api-fetch,2026-08-04,
165,lyrics.ovh,api-fetch,2026-08-04,
166,lyrics.ovh,api-fetch,2026-08-04,
167,lyrics.ovh,api-fetch,2026-08-04,
168,lyrics.ovh,api-fetch,2026-08-04,
169,lyrics.ovh,api-fetch,2026-08-04,
170,lyrics.ovh,api-fetch,2026-08-04,
171,lrclib,api-fetch,2026-08-04,
172,lyrics.ovh,api-fetch,2026-08-04,
173,lyrics.ovh,api-fetch,2026-08-04,
174,lyrics.ovh,api-fetch,2026-08-04,
175,lyrics.ovh,api-fetch,2026-08-04,
176,lrclib,api-fetch,2026-08-04,
177,lyrics.ovh,api-fetch,2026-08-04,
178,lyrics.ovh,api-fetch,2026-08-04,
179,lyrics.ovh,api-fetch,2026-08-04,
180,lyrics.ovh,api-fetch,2026-08-04,
181,lyrics.ovh,api-fetch,2026-08-04,
182,lyrics.ovh,api-fetch,2026-08-04,
183,lyrics.ovh,api-fetch,2026-08-04,
184,lyrics.ovh,api-fetch,2026-08-04,
185,lyrics.ovh,api-fetch,2026-08-04,
186,lyrics.ovh,api-fetch,2026-08-04,
188,lyrics.ovh,api-fetch,2026-08-04,
189,lyrics.ovh,api-fetch,2026-08-04,
190,lyrics.ovh,api-fetch,2026-08-04,
191,lyrics.ovh,api-fetch,2026-08-04,
210,lyrics.ovh,api-fetch,2026-08-04,
211,lyrics.ovh,api-fetch,2026-08-04,
213,lyrics.ovh,api-fetch,2026-08-04,
216,lyrics.ovh,api-fetch,2026-08-04,
217,lyrics.ovh,api-fetch,2026-08-04,
218,lyrics.ovh,api-fetch,2026-08-04,
219,lyrics.ovh,api-fetch,2026-08-04,
221,lrclib,api-fetch,2026-08-04,
222,lyrics.ovh,api-fetch,2026-08-04,
225,lyrics.ovh,api-fetch,2026-08-04,
226,lyrics.ovh,api-fetch,2026-08-04,
227,lrclib,api-fetch,2026-08-04,
229,lyrics.ovh,api-fetch,2026-08-04,
230,lrclib,api-fetch,2026-08-04,
231,lyrics.ovh,api-fetch,2026-08-04,
232,lrclib,api-fetch,2026-08-04,
233,lyrics.ovh,api-fetch,2026-08-04,
234,lyrics.ovh,api-fetch,2026-08-04,
235,lyrics.ovh,api-fetch,2026-08-04,
236,lyrics.ovh,api-fetch,2026-08-04,
237,lyrics.ovh,api-fetch,2026-08-04,
238,lyrics.ovh,api-fetch,2026-08-04,
239,lyrics.ovh,api-fetch,2026-08-04,
240,lyrics.ovh,api-fetch,2026-08-04,
241,lyrics.ovh,api-fetch,2026-08-04,
242,lyrics.ovh,api-fetch,2026-08-04,
243,lyrics.ovh,api-fetch,2026-08-04,
244,lyrics.ovh,api-fetch,2026-08-04,
246,lyrics.ovh,api-fetch,2026-08-04,
248,lyrics.ovh,api-fetch,2026-08-04,
249,lyrics.ovh,api-fetch,2026-08-04,
250,lyrics.ovh,api-fetch,2026-08-04,
253,lyrics.ovh,api-fetch,2026-08-04,
254,lyrics.ovh,api-fetch,2026-08-04,
255,lrclib,api-fetch,2026-08-04,
256,lyrics.ovh,api-fetch,2026-08-04,
257,lrclib,api-fetch,2026-08-04,
258,lyrics.ovh,api-fetch,2026-08-04,
259,lyrics.ovh,api-fetch,2026-08-04,
260,lrclib,api-fetch,2026-08-04,
262,lyrics.ovh,api-fetch,2026-08-04,
264,lrclib,api-fetch,2026-08-04,
265,lyrics.ovh,api-fetch,2026-08-04,
266,lrclib,api-fetch,2026-08-04,
268,lyrics.ovh,api-fetch,2026-08-04,
269,lrclib,api-fetch,2026-08-04,
270,lyrics.ovh,api-fetch,2026-08-04,
271,lyrics.ovh,api-fetch,2026-08-04,
273,lyrics.ovh,api-fetch,2026-08-04,
274,lyrics.ovh,api-fetch,2026-08-04,
276,lyrics.ovh,api-fetch,2026-08-04,
282,lyrics.ovh,api-fetch,2026-08-04,
284,lyrics.ovh,api-fetch,2026-08-04,
292,lrclib,api-fetch,2026-08-04,
294,lyrics.ovh,api-fetch,2026-08-04,
297,lyrics.ovh,api-fetch,2026-08-04,
298,lyrics.ovh,api-fetch,2026-08-04,
299,lyrics.ovh,api-fetch,2026-08-04,
301,lrclib,api-fetch,2026-08-04,
304,lyrics.ovh,api-fetch,2026-08-04,
305,lyrics.ovh,api-fetch,2026-08-04,
308,lyrics.ovh,api-fetch,2026-08-04,
309,lyrics.ovh,api-fetch,2026-08-04,
312,lyrics.ovh,api-fetch,2026-08-04,
313,lyrics.ovh,api-fetch,2026-08-04,
316,lyrics.ovh,api-fetch,2026-08-04,
318,lyrics.ovh,api-fetch,2026-08-04,
319,lyrics.ovh,api-fetch,2026-08-04,
321,lyrics.ovh,api-fetch,2026-08-04,
322,lyrics.ovh,api-fetch,2026-08-04,
324,lyrics.ovh,api-fetch,2026-08-04,
325,lyrics.ovh,api-fetch,2026-08-04,
326,lyrics.ovh,api-fetch,2026-08-04,
327,lyrics.ovh,api-fetch,2026-08-04,
329,lyrics.ovh,api-fetch,2026-08-04,
334,lyrics.ovh,api-fetch,2026-08-04,
336,lyrics.ovh,api-fetch,2026-08-04,
338,lyrics.ovh,api-fetch,2026-08-04,
340,lyrics.ovh,api-fetch,2026-08-04,
343,lyrics.ovh,api-fetch,2026-08-04,
345,lyrics.ovh,api-fetch,2026-08-04,
346,lyrics.ovh,api-fetch,2026-08-04,
349,lyrics.ovh,api-fetch,2026-08-04,
350,lyrics.ovh,api-fetch,2026-08-04,
351,lyrics.ovh,api-fetch,2026-08-04,
355,lyrics.ovh,api-fetch,2026-08-04,
357,lyrics.ovh,api-fetch,2026-08-04,
358,lyrics.ovh,api-fetch,2026-08-04,
359,lyrics.ovh,api-fetch,2026-08-04,
365,lrclib,api-fetch,2026-08-04,
366,lyrics.ovh,api-fetch,2026-08-04,
306,lyrics.ovh,api-fetch,2026-08-04,
352,lrclib,api-fetch,2026-08-04,
363,lyrics.ovh,api-fetch,2026-08-04,
